,0,1,2,3
DeMar DeRozan,0.74,0.02,0.05,0.19
Domantas Sabonis,0.23,0.28,0.22,0.27
Coby White,1.0,0.0,0.0,0.0
Mikal Bridges,0.99,0.0,0.01,0.0
Paolo Banchero,0.94,0.0,0.02,0.04
Kevin Durant,0.62,0.07,0.16,0.15
Dejounte Murray,0.96,0.01,0.0,0.03
Anthony Edwards,0.76,0.1,0.05,0.09
Nikola Jokić,0.01,0.91,0.08,0.0
Jalen Brunson,0.23,0.18,0.37,0.22
Josh Hart,0.99,0.0,0.0,0.01
Anthony Davis,0.43,0.33,0.13,0.11
Fred VanVleet,0.94,0.0,0.0,0.06
De'Aaron Fox,0.74,0.03,0.13,0.1
Pascal Siakam,0.93,0.0,0.03,0.04
Jayson Tatum,0.19,0.32,0.41,0.08
Austin Reaves,1.0,0.0,0.0,0.0
Tyrese Maxey,0.62,0.05,0.08,0.25
Luka Dončić,0.03,0.89,0.06,0.02
Nikola Vučević,1.0,0.0,0.0,0.0
Jalen Green,1.0,0.0,0.0,0.0
Rudy Gobert,0.73,0.06,0.03,0.18
Keegan Murray,1.0,0.0,0.0,0.0
Miles Bridges,1.0,0.0,0.0,0.0
Damian Lillard,0.82,0.01,0.05,0.12
Giannis Antetokounmpo,0.02,0.85,0.11,0.02
Michael Porter Jr.,1.0,0.0,0.0,0.0
Shai Gilgeous-Alexander,0.05,0.84,0.11,0.0
Grayson Allen,1.0,0.0,0.0,0.0
LeBron James,0.19,0.25,0.33,0.23
Paul George,0.85,0.01,0.05,0.09
Dennis Schröder,1.0,0.0,0.0,0.0
D'Angelo Russell,1.0,0.0,0.0,0.0
James Harden,0.72,0.05,0.12,0.11
Devin Booker,0.58,0.04,0.29,0.09
Jarrett Allen,0.77,0.0,0.06,0.17
Jabari Smith Jr.,1.0,0.0,0.0,0.0
Stephen Curry,0.63,0.04,0.14,0.19
Bam Adebayo,0.92,0.0,0.04,0.04
Chet Holmgren,0.86,0.05,0.02,0.07
Brook Lopez,0.98,0.0,0.0,0.02
Kentavious Caldwell-Pope,1.0,0.0,0.0,0.0
Bogdan Bogdanović,1.0,0.0,0.0,0.0
Brandon Miller,1.0,0.0,0.0,0.0
Harrison Barnes,1.0,0.0,0.0,0.0
Derrick White,0.95,0.02,0.01,0.02
Tobias Harris,1.0,0.0,0.0,0.0
Donte DiVincenzo,1.0,0.0,0.0,0.0
Jordan Poole,1.0,0.0,0.0,0.0
Jaylen Brown,0.84,0.0,0.08,0.08
Malik Beasley,1.0,0.0,0.0,0.0
Franz Wagner,0.94,0.0,0.0,0.06
Kawhi Leonard,0.51,0.05,0.17,0.27
Herbert Jones,1.0,0.0,0.0,0.0
Aaron Gordon,1.0,0.0,0.0,0.0
Klay Thompson,1.0,0.0,0.0,0.0
Kyle Kuzma,0.99,0.0,0.0,0.01
Jrue Holiday,1.0,0.0,0.0,0.0
Deni Avdija,0.99,0.0,0.0,0.01
Devin Vassell,1.0,0.0,0.0,0.0
Luguentz Dort,1.0,0.0,0.0,0.0
Max Strus,1.0,0.0,0.0,0.0
Dillon Brooks,1.0,0.0,0.0,0.0
Tyrese Haliburton,0.43,0.15,0.32,0.1
Jalen Williams,0.92,0.01,0.02,0.05
P.J. Washington,1.0,0.0,0.0,0.0
Jaden Ivey,1.0,0.0,0.0,0.0
Ayo Dosunmu,1.0,0.0,0.0,0.0
Zion Williamson,0.65,0.06,0.2,0.09
Mike Conley,0.96,0.0,0.0,0.04
Jeremy Sochan,1.0,0.0,0.0,0.0
Buddy Hield,1.0,0.0,0.0,0.0
CJ McCollum,0.93,0.0,0.01,0.06
Spencer Dinwiddie,1.0,0.0,0.0,0.0
Tre Jones,1.0,0.0,0.0,0.0
Grant Williams,1.0,0.0,0.0,0.0
Jaren Jackson Jr.,0.97,0.0,0.0,0.03
Tim Hardaway Jr.,1.0,0.0,0.0,0.0
Nic Claxton,0.98,0.0,0.0,0.02
Jaime Jaquez Jr.,1.0,0.0,0.0,0.0
Taurean Prince,1.0,0.0,0.0,0.0
Victor Wembanyama,0.86,0.06,0.06,0.02
Jaden McDaniels,1.0,0.0,0.0,0.0
Brandon Ingram,1.0,0.0,0.0,0.0
Scottie Barnes,0.94,0.01,0.04,0.01
Jusuf Nurkić,0.99,0.0,0.0,0.01
Myles Turner,0.98,0.0,0.0,0.02
Collin Sexton,0.98,0.0,0.01,0.01
Cam Thomas,1.0,0.0,0.0,0.0
Cade Cunningham,0.99,0.0,0.0,0.01
Corey Kispert,1.0,0.0,0.0,0.0
Saddiq Bey,1.0,0.0,0.0,0.0
Kelly Oubre Jr.,1.0,0.0,0.0,0.0
Alperen Şengün,0.66,0.0,0.09,0.25
Jimmy Butler,0.75,0.05,0.06,0.14
Alex Caruso,0.99,0.0,0.0,0.01
Terry Rozier,0.99,0.0,0.0,0.01
Keldon Johnson,1.0,0.0,0.0,0.0
Kyrie Irving,0.49,0.09,0.23,0.19
Karl-Anthony Towns,0.89,0.01,0.01,0.09
Jalen Suggs,1.0,0.0,0.0,0.0
Keyonte George,1.0,0.0,0.0,0.0
Josh Giddey,1.0,0.0,0.0,0.0
Bobby Portis,1.0,0.0,0.0,0.0
Aaron Nesmith,1.0,0.0,0.0,0.0
Gary Trent Jr.,1.0,0.0,0.0,0.0
Norman Powell,1.0,0.0,0.0,0.0
Immanuel Quickley,1.0,0.0,0.0,0.0
Brandin Podziemski,1.0,0.0,0.0,0.0
Naz Reid,1.0,0.0,0.0,0.0
Caris LeVert,1.0,0.0,0.0,0.0
Royce O'Neale,1.0,0.0,0.0,0.0
Jonathan Kuminga,1.0,0.0,0.0,0.0
Donovan Mitchell,0.33,0.09,0.25,0.33
Trae Young,0.87,0.01,0.1,0.02
Dorian Finney-Smith,1.0,0.0,0.0,0.0
Tyus Jones,1.0,0.0,0.0,0.0
Jonas Valančiūnas,1.0,0.0,0.0,0.0
Nickeil Alexander-Walker,1.0,0.0,0.0,0.0
Andrew Wiggins,1.0,0.0,0.0,0.0
Duncan Robinson,1.0,0.0,0.0,0.0
John Collins,1.0,0.0,0.0,0.0
Darius Garland,1.0,0.0,0.0,0.0
Isaiah Hartenstein,0.93,0.0,0.04,0.03
Eric Gordon,1.0,0.0,0.0,0.0
Jalen Johnson,0.99,0.0,0.0,0.01
Isaac Okoro,1.0,0.0,0.0,0.0
Clint Capela,0.98,0.0,0.0,0.02
Terance Mann,1.0,0.0,0.0,0.0
Malik Monk,1.0,0.0,0.0,0.0
Bruce Brown,1.0,0.0,0.0,0.0
Jamal Murray,0.88,0.01,0.02,0.09
RJ Barrett,1.0,0.0,0.0,0.0
Georges Niang,1.0,0.0,0.0,0.0
Jerami Grant,1.0,0.0,0.0,0.0
Rui Hachimura,1.0,0.0,0.0,0.0
Payton Pritchard,1.0,0.0,0.0,0.0
Lauri Markkanen,0.75,0.03,0.16,0.06
Reggie Jackson,1.0,0.0,0.0,0.0
Cole Anthony,1.0,0.0,0.0,0.0
Daniel Gafford,0.96,0.0,0.0,0.04
Ivica Zubac,1.0,0.0,0.0,0.0
Deandre Ayton,1.0,0.0,0.0,0.0
Derrick Jones Jr.,1.0,0.0,0.0,0.0
Kyle Anderson,1.0,0.0,0.0,0.0
Jalen Duren,1.0,0.0,0.0,0.0
Bradley Beal,0.99,0.01,0.0,0.0
Scoot Henderson,1.0,0.0,0.0,0.0
Nick Richards,1.0,0.0,0.0,0.0
Kelly Olynyk,1.0,0.0,0.0,0.0
Caleb Martin,1.0,0.0,0.0,0.0
Sam Hauser,1.0,0.0,0.0,0.0
Al Horford,0.98,0.0,0.0,0.02
Toumani Camara,1.0,0.0,0.0,0.0
Obi Toppin,1.0,0.0,0.0,0.0
Bilal Coulibaly,1.0,0.0,0.0,0.0
OG Anunoby,1.0,0.0,0.0,0.0
Jabari Walker,1.0,0.0,0.0,0.0
Andrew Nembhard,1.0,0.0,0.0,0.0
Cason Wallace,1.0,0.0,0.0,0.0
Trey Murphy III,1.0,0.0,0.0,0.0
Kristaps Porziņģis,0.68,0.06,0.15,0.11
Kyle Lowry,1.0,0.0,0.0,0.0
Jordan Clarkson,1.0,0.0,0.0,0.0
De'Andre Hunter,1.0,0.0,0.0,0.0
Pat Connaughton,1.0,0.0,0.0,0.0
Christian Braun,1.0,0.0,0.0,0.0
Simone Fontecchio,1.0,0.0,0.0,0.0
Ochai Agbaji,1.0,0.0,0.0,0.0
Julius Randle,0.88,0.0,0.03,0.09
Precious Achiuwa,1.0,0.0,0.0,0.0
Santi Aldama,1.0,0.0,0.0,0.0
Cameron Johnson,1.0,0.0,0.0,0.0
Malaki Branham,1.0,0.0,0.0,0.0
Paul Reed,1.0,0.0,0.0,0.0
Ausar Thompson,1.0,0.0,0.0,0.0
Anfernee Simons,1.0,0.0,0.0,0.0
Kevin Huerter,1.0,0.0,0.0,0.0
Bennedict Mathurin,1.0,0.0,0.0,0.0
Evan Mobley,0.93,0.0,0.01,0.06
Chris Paul,1.0,0.0,0.0,0.0
Russell Westbrook,1.0,0.0,0.0,0.0
Nicolas Batum,1.0,0.0,0.0,0.0
Zach Collins,1.0,0.0,0.0,0.0
Josh Green,1.0,0.0,0.0,0.0
Walker Kessler,1.0,0.0,0.0,0.0
Draymond Green,1.0,0.0,0.0,0.0
Peyton Watson,1.0,0.0,0.0,0.0
Matisse Thybulle,1.0,0.0,0.0,0.0
Khris Middleton,1.0,0.0,0.0,0.0
Bojan Bogdanović,1.0,0.0,0.0,0.0
Julian Champagnie,1.0,0.0,0.0,0.0
Patrick Beverley,1.0,0.0,0.0,0.0
Amir Coffey,1.0,0.0,0.0,0.0
Isaiah Joe,1.0,0.0,0.0,0.0
Desmond Bane,0.96,0.0,0.02,0.02
Vince Williams Jr.,1.0,0.0,0.0,0.0
Isaiah Stewart,1.0,0.0,0.0,0.0
Moritz Wagner,1.0,0.0,0.0,0.0
Tyler Herro,1.0,0.0,0.0,0.0
Wendell Carter Jr.,1.0,0.0,0.0,0.0
Onyeka Okongwu,1.0,0.0,0.0,0.0
Amen Thompson,1.0,0.0,0.0,0.0
Haywood Highsmith,1.0,0.0,0.0,0.0
Dyson Daniels,1.0,0.0,0.0,0.0
Andre Drummond,1.0,0.0,0.0,0.0
Marcus Sasser,1.0,0.0,0.0,0.0
Kris Murray,1.0,0.0,0.0,0.0
Miles McBride,1.0,0.0,0.0,0.0
Jakob Poeltl,0.99,0.0,0.0,0.01
Joel Embiid,0.18,0.41,0.27,0.14
Jeff Green,1.0,0.0,0.0,0.0
Cameron Payne,1.0,0.0,0.0,0.0
Gary Harris,1.0,0.0,0.0,0.0
Dereck Lively II,1.0,0.0,0.0,0.0
T.J. McConnell,1.0,0.0,0.0,0.0
Aaron Holiday,1.0,0.0,0.0,0.0
Cedi Osman,1.0,0.0,0.0,0.0
Gradey Dick,1.0,0.0,0.0,0.0
Naji Marshall,1.0,0.0,0.0,0.0
Kris Dunn,1.0,0.0,0.0,0.0
Gordon Hayward,1.0,0.0,0.0,0.0
GG Jackson II,1.0,0.0,0.0,0.0
Aaron Wiggins,1.0,0.0,0.0,0.0
Larry Nance Jr.,0.99,0.0,0.0,0.01
Duop Reath,1.0,0.0,0.0,0.0
Alec Burks,1.0,0.0,0.0,0.0
Kevon Looney,1.0,0.0,0.0,0.0
David Roddy,1.0,0.0,0.0,0.0
Vasilije Micić,1.0,0.0,0.0,0.0
Patrick Williams,1.0,0.0,0.0,0.0
John Konchar,1.0,0.0,0.0,0.0
Drew Eubanks,1.0,0.0,0.0,0.0
Joe Ingles,1.0,0.0,0.0,0.0
Anthony Black,1.0,0.0,0.0,0.0
Jordan Hawkins,1.0,0.0,0.0,0.0
Trey Lyles,1.0,0.0,0.0,0.0
Moses Moody,1.0,0.0,0.0,0.0
Jae Crowder,1.0,0.0,0.0,0.0
Trayce Jackson-Davis,1.0,0.0,0.0,0.0
Malcolm Brogdon,1.0,0.0,0.0,0.0
Dean Wade,1.0,0.0,0.0,0.0
Josh Richardson,1.0,0.0,0.0,0.0
Davion Mitchell,1.0,0.0,0.0,0.0
Dario Šarić,1.0,0.0,0.0,0.0
James Wiseman,1.0,0.0,0.0,0.0
Dante Exum,1.0,0.0,0.0,0.0
Sam Merrill,1.0,0.0,0.0,0.0
Dennis Smith Jr.,1.0,0.0,0.0,0.0
Shaedon Sharpe,1.0,0.0,0.0,0.0
Jordan Goodwin,1.0,0.0,0.0,0.0
Marvin Bagley III,1.0,0.0,0.0,0.0
Torrey Craig,1.0,0.0,0.0,0.0
Jalen Smith,1.0,0.0,0.0,0.0
Dalano Banton,1.0,0.0,0.0,0.0
Ziaire Williams,1.0,0.0,0.0,0.0
Jae'Sean Tate,1.0,0.0,0.0,0.0
Kenrich Williams,1.0,0.0,0.0,0.0
Jose Alvarado,1.0,0.0,0.0,0.0
Quentin Grimes,1.0,0.0,0.0,0.0
De'Anthony Melton,1.0,0.0,0.0,0.0
Daniel Theis,1.0,0.0,0.0,0.0
Lonnie Walker IV,1.0,0.0,0.0,0.0
Talen Horton-Tucker,1.0,0.0,0.0,0.0
Killian Hayes,1.0,0.0,0.0,0.0
Jevon Carter,1.0,0.0,0.0,0.0
Luke Kennard,1.0,0.0,0.0,0.0
Garrison Mathews,1.0,0.0,0.0,0.0
Jaden Hardy,1.0,0.0,0.0,0.0
Tre Mann,1.0,0.0,0.0,0.0
Cam Reddish,1.0,0.0,0.0,0.0
Luke Kornet,1.0,0.0,0.0,0.0
Keon Ellis,1.0,0.0,0.0,0.0
Xavier Tillman Sr.,1.0,0.0,0.0,0.0
Josh Okogie,1.0,0.0,0.0,0.0
Goga Bitadze,1.0,0.0,0.0,0.0
Max Christie,1.0,0.0,0.0,0.0
Kevin Love,1.0,0.0,0.0,0.0
Day'Ron Sharpe,1.0,0.0,0.0,0.0
Jonathan Isaac,1.0,0.0,0.0,0.0
Markelle Fultz,1.0,0.0,0.0,0.0
Doug McDermott,1.0,0.0,0.0,0.0
Jaylin Williams,1.0,0.0,0.0,0.0
Nikola Jović,1.0,0.0,0.0,0.0
Bryce McGowens,1.0,0.0,0.0,0.0
Cam Whitmore,1.0,0.0,0.0,0.0
Jaxson Hayes,1.0,0.0,0.0,0.0
Blake Wesley,1.0,0.0,0.0,0.0
Malachi Flynn,1.0,0.0,0.0,0.0
Christian Wood,1.0,0.0,0.0,0.0
Zach LaVine,1.0,0.0,0.0,0.0
Maxi Kleber,1.0,0.0,0.0,0.0
Justin Holiday,1.0,0.0,0.0,0.0
Chimezie Metu,1.0,0.0,0.0,0.0
Trendon Watford,1.0,0.0,0.0,0.0
Taylor Hendricks,1.0,0.0,0.0,0.0
Dwight Powell,1.0,0.0,0.0,0.0
Troy Brown Jr.,1.0,0.0,0.0,0.0
Marcus Morris,1.0,0.0,0.0,0.0
Caleb Houstan,1.0,0.0,0.0,0.0
Ben Sheppard,1.0,0.0,0.0,0.0
Jake LaRavia,1.0,0.0,0.0,0.0
Bismack Biyombo,1.0,0.0,0.0,0.0
JT Thor,1.0,0.0,0.0,0.0
Isaiah Jackson,1.0,0.0,0.0,0.0
Mitchell Robinson,1.0,0.0,0.0,0.0
Jock Landale,1.0,0.0,0.0,0.0
Cody Martin,1.0,0.0,0.0,0.0
KJ Martin,1.0,0.0,0.0,0.0
Delon Wright,1.0,0.0,0.0,0.0
Ish Smith,1.0,0.0,0.0,0.0
Mo Bamba,1.0,0.0,0.0,0.0
Nick Smith Jr.,1.0,0.0,0.0,0.0
Landry Shamet,1.0,0.0,0.0,0.0
Chris Duarte,1.0,0.0,0.0,0.0
Jordan Nwora,1.0,0.0,0.0,0.0
LaMelo Ball,0.94,0.0,0.04,0.02
Chris Boucher,1.0,0.0,0.0,0.0
Jacob Gilyard,1.0,0.0,0.0,0.0
Bruno Fernando,1.0,0.0,0.0,0.0
Dalen Terry,1.0,0.0,0.0,0.0
Gary Payton II,1.0,0.0,0.0,0.0
Mason Plumlee,1.0,0.0,0.0,0.0
Dāvis Bertāns,1.0,0.0,0.0,0.0
Keita Bates-Diop,1.0,0.0,0.0,0.0
Jalen Wilson,1.0,0.0,0.0,0.0
Craig Porter Jr.,1.0,0.0,0.0,0.0
Rayan Rupert,1.0,0.0,0.0,0.0
Oshae Brissett,1.0,0.0,0.0,0.0
Danilo Gallinari,1.0,0.0,0.0,0.0
Jordan McLaughlin,1.0,0.0,0.0,0.0
Seth Curry,1.0,0.0,0.0,0.0
A.J. Green,1.0,0.0,0.0,0.0
Johnny Davis,1.0,0.0,0.0,0.0
MarJon Beauchamp,1.0,0.0,0.0,0.0
Marcus Smart,1.0,0.0,0.0,0.0
Mike Muscala,1.0,0.0,0.0,0.0
Jericho Sims,1.0,0.0,0.0,0.0
Brice Sensabaugh,1.0,0.0,0.0,0.0
Jarred Vanderbilt,1.0,0.0,0.0,0.0
Shake Milton,1.0,0.0,0.0,0.0
Evan Fournier,1.0,0.0,0.0,0.0
Zeke Nnaji,1.0,0.0,0.0,0.0
Trey Jemison,1.0,0.0,0.0,0.0
Andre Jackson Jr.,1.0,0.0,0.0,0.0
Jared Butler,1.0,0.0,0.0,0.0
Kevin Knox,1.0,0.0,0.0,0.0
Lamar Stevens,1.0,0.0,0.0,0.0
Richaun Holmes,1.0,0.0,0.0,0.0
Tristan Thompson,1.0,0.0,0.0,0.0
Julian Strawther,1.0,0.0,0.0,0.0
Omer Yurtseven,1.0,0.0,0.0,0.0
Vit Krejci,1.0,0.0,0.0,0.0
Bones Hyland,1.0,0.0,0.0,0.0
Jalen McDaniels,1.0,0.0,0.0,0.0
Scotty Pippen Jr.,1.0,0.0,0.0,0.0
Sasha Vezenkov,1.0,0.0,0.0,0.0
Danuel House Jr.,1.0,0.0,0.0,0.0
Mark Williams,0.99,0.01,0.0,0.0
Jaden Springer,1.0,0.0,0.0,0.0
Patrick Baldwin Jr.,1.0,0.0,0.0,0.0
Robert Covington,1.0,0.0,0.0,0.0
P.J. Tucker,1.0,0.0,0.0,0.0
Tari Eason,1.0,0.0,0.0,0.0
Monte Morris,1.0,0.0,0.0,0.0
Bol Bol,1.0,0.0,0.0,0.0
Isaiah Livers,1.0,0.0,0.0,0.0
Anthony Gill,1.0,0.0,0.0,0.0
Yuta Watanabe,1.0,0.0,0.0,0.0
Nassir Little,1.0,0.0,0.0,0.0
Sandro Mamukelashvili,1.0,0.0,0.0,0.0
Alex Len,1.0,0.0,0.0,0.0
Thomas Bryant,1.0,0.0,0.0,0.0
Thaddeus Young,1.0,0.0,0.0,0.0
Skylar Mays,1.0,0.0,0.0,0.0
Chuma Okeke,1.0,0.0,0.0,0.0
Dominick Barlow,1.0,0.0,0.0,0.0
Reggie Bullock,1.0,0.0,0.0,0.0
Patty Mills,1.0,0.0,0.0,0.0
Trent Forrest,1.0,0.0,0.0,0.0
Svi Mykhailiuk,1.0,0.0,0.0,0.0
Wesley Matthews,1.0,0.0,0.0,0.0
Aleksej Pokusevski,1.0,0.0,0.0,0.0
Luka Šamanić,1.0,0.0,0.0,0.0
Javon Freeman-Liberty,1.0,0.0,0.0,0.0
Derrick Rose,1.0,0.0,0.0,0.0
DeAndre Jordan,1.0,0.0,0.0,0.0
Kobe Brown,1.0,0.0,0.0,0.0
Lester Quiñones,1.0,0.0,0.0,0.0
Eugene Omoruyi,1.0,0.0,0.0,0.0
Matt Ryan,1.0,0.0,0.0,0.0
Justin Minaya,1.0,0.0,0.0,0.0
Johnny Juzang,1.0,0.0,0.0,0.0
Noah Clowney,1.0,0.0,0.0,0.0
Tosan Evbuomwan,1.0,0.0,0.0,0.0
Ousmane Dieng,1.0,0.0,0.0,0.0
Jontay Porter,1.0,0.0,0.0,0.0
Ben Simmons,0.99,0.0,0.01,0.0
Brandon Boston Jr.,1.0,0.0,0.0,0.0
Jarace Walker,1.0,0.0,0.0,0.0
JaVale McGee,1.0,0.0,0.0,0.0
Olivier-Maxence Prosper,1.0,0.0,0.0,0.0
Jeremiah Robinson-Earl,1.0,0.0,0.0,0.0
Neemias Queta,1.0,0.0,0.0,0.0
Julian Phillips,1.0,0.0,0.0,0.0
Cody Zeller,1.0,0.0,0.0,0.0
Ja Morant,0.9,0.01,0.05,0.04
Ashton Hagans,1.0,0.0,0.0,0.0
Devonte' Graham,1.0,0.0,0.0,0.0
A.J. Lawson,1.0,0.0,0.0,0.0
Nathan Mensah,1.0,0.0,0.0,0.0
Stanley Umude,1.0,0.0,0.0,0.0
Orlando Robinson,1.0,0.0,0.0,0.0
Furkan Korkmaz,1.0,0.0,0.0,0.0
Cory Joseph,1.0,0.0,0.0,0.0
Ricky Council IV,0.99,0.0,0.0,0.01
Garrett Temple,1.0,0.0,0.0,0.0
Leaky Black,1.0,0.0,0.0,0.0
Lindy Waters III,1.0,0.0,0.0,0.0
Kessler Edwards,1.0,0.0,0.0,0.0
Damian Jones,1.0,0.0,0.0,0.0
Onuralp Bitim,1.0,0.0,0.0,0.0
Kira Lewis Jr.,1.0,0.0,0.0,0.0
Jamal Cain,1.0,0.0,0.0,0.0
Jared Rhoden,1.0,0.0,0.0,0.0
Justin Champagnie,1.0,0.0,0.0,0.0
Javonte Green,0.99,0.0,0.0,0.01
Ibou Badji,1.0,0.0,0.0,0.0
Collin Gillespie,1.0,0.0,0.0,0.0
Gabe Vincent,1.0,0.0,0.0,0.0
Markieff Morris,1.0,0.0,0.0,0.0
Jaylen Nowell,1.0,0.0,0.0,0.0
Théo Maledon,1.0,0.0,0.0,0.0
Charles Bassey,1.0,0.0,0.0,0.0
Taj Gibson,1.0,0.0,0.0,0.0
Moses Brown,1.0,0.0,0.0,0.0
Kenneth Lofton Jr.,1.0,0.0,0.0,0.0
Kobe Bufkin,1.0,0.0,0.0,0.0
Colby Jones,1.0,0.0,0.0,0.0
Gui Santos,1.0,0.0,0.0,0.0
Terry Taylor,1.0,0.0,0.0,0.0
Micah Potter,1.0,0.0,0.0,0.0
Saben Lee,1.0,0.0,0.0,0.0
Otto Porter Jr.,1.0,0.0,0.0,0.0
AJ Griffin,1.0,0.0,0.0,0.0
Joe Harris,1.0,0.0,0.0,0.0
Trevelin Queen,1.0,0.0,0.0,0.0
Zavier Simpson,1.0,0.0,0.0,0.0
Thanasis Antetokounmpo,1.0,0.0,0.0,0.0
Tristan Vukcevic,1.0,0.0,0.0,0.0
Darius Bazley,1.0,0.0,0.0,0.0
DeJon Jarreau,1.0,0.0,0.0,0.0
Jules Bernard,1.0,0.0,0.0,0.0
Jeff Dowtin,1.0,0.0,0.0,0.0
Sidy Cissoko,1.0,0.0,0.0,0.0
Brandon Clarke,1.0,0.0,0.0,0.0
Emoni Bates,1.0,0.0,0.0,0.0
Dru Smith,1.0,0.0,0.0,0.0
Jeenathan Williams,1.0,0.0,0.0,0.0
T.J. Warren,1.0,0.0,0.0,0.0
Timmy Allen,1.0,0.0,0.0,0.0
Jalen Pickett,1.0,0.0,0.0,0.0
Luka Garza,1.0,0.0,0.0,0.0
Mãozinha Pereira,1.0,0.0,0.0,0.0
Jahmi'us Ramsey,1.0,0.0,0.0,0.0
Marques Bolden,1.0,0.0,0.0,0.0
Mouhamadou Gueye,1.0,0.0,0.0,0.0
Xavier Moon,1.0,0.0,0.0,0.0
Robert Williams,1.0,0.0,0.0,0.0
Brandon Williams,1.0,0.0,0.0,0.0
Udoka Azubuike,1.0,0.0,0.0,0.0
Matthew Hurt,1.0,0.0,0.0,0.0
Jalen Hood-Schifino,1.0,0.0,0.0,0.0
Dylan Windler,1.0,0.0,0.0,0.0
Malik Williams,1.0,0.0,0.0,0.0
Armoni Brooks,1.0,0.0,0.0,0.0
Maxwell Lewis,1.0,0.0,0.0,0.0
Harry Giles,1.0,0.0,0.0,0.0
Olivier Sarr,1.0,0.0,0.0,0.0
Jamaree Bouyea,1.0,0.0,0.0,0.0
Josh Minott,1.0,0.0,0.0,0.0
Chris Livingston,1.0,0.0,0.0,0.0
Cole Swider,1.0,0.0,0.0,0.0
Admiral Schofield,1.0,0.0,0.0,0.0
Terquavion Smith,1.0,0.0,0.0,0.0
Buddy Boeheim,1.0,0.0,0.0,0.0
Jordan Walsh,1.0,0.0,0.0,0.0
Jerome Robinson,1.0,0.0,0.0,0.0
James Bouknight,1.0,0.0,0.0,0.0
Wenyen Gabriel,1.0,0.0,0.0,0.0
Ryan Rollins,1.0,0.0,0.0,0.0
R.J. Hampton,1.0,0.0,0.0,0.0
Wendell Moore Jr.,1.0,0.0,0.0,0.0
Nate Hinton,1.0,0.0,0.0,0.0
Mouhamed Gueye,1.0,0.0,0.0,0.0
Isaiah Mobley,1.0,0.0,0.0,0.0
Boban Marjanović,1.0,0.0,0.0,0.0
Jason Preston,1.0,0.0,0.0,0.0
Jett Howard,1.0,0.0,0.0,0.0
Kobi Simmons,1.0,0.0,0.0,0.0
Keyontae Johnson,1.0,0.0,0.0,0.0
Adama Sanogo,1.0,0.0,0.0,0.0
Robin Lopez,1.0,0.0,0.0,0.0
Amari Bailey,1.0,0.0,0.0,0.0
Moussa Diabaté,1.0,0.0,0.0,0.0
Jack White,1.0,0.0,0.0,0.0
Kendall Brown,1.0,0.0,0.0,0.0
Ish Wainright,1.0,0.0,0.0,0.0
Keon Johnson,1.0,0.0,0.0,0.0
Braxton Key,1.0,0.0,0.0,0.0
Jermaine Samuels,1.0,0.0,0.0,0.0
Colin Castleton,1.0,0.0,0.0,0.0
TyTy Washington Jr.,1.0,0.0,0.0,0.0
Dereon Seabron,1.0,0.0,0.0,0.0
Juan Toscano-Anderson,1.0,0.0,0.0,0.0
Leonard Miller,1.0,0.0,0.0,0.0
Seth Lundy,1.0,0.0,0.0,0.0
David Duke Jr.,1.0,0.0,0.0,0.0
Daishen Nix,1.0,0.0,0.0,0.0
Jay Huff,1.0,0.0,0.0,0.0
Hunter Tyson,1.0,0.0,0.0,0.0
James Johnson,1.0,0.0,0.0,0.0
DaQuan Jeffries,1.0,0.0,0.0,0.0
Ryan Arcidiacono,1.0,0.0,0.0,0.0
Frank Ntilikina,1.0,0.0,0.0,0.0
Oscar Tshiebwe,1.0,0.0,0.0,0.0
D'Moi Hodge,1.0,0.0,0.0,0.0
Greg Brown III,1.0,0.0,0.0,0.0
Taze Moore,1.0,0.0,0.0,0.0
Alex Fudge,1.0,0.0,0.0,0.0
JD Davison,1.0,0.0,0.0,0.0
RaiQuan Gray,1.0,0.0,0.0,0.0
Jacob Toppin,1.0,0.0,0.0,0.0
Jalen Slawson,1.0,0.0,0.0,0.0
Charlie Brown Jr.,1.0,0.0,0.0,0.0
D.J. Carton,1.0,0.0,0.0,0.0
Dexter Dennis,1.0,0.0,0.0,0.0
Henri Drell,1.0,0.0,0.0,0.0
Jordan Miller,1.0,0.0,0.0,0.0
Mason Jones,1.0,0.0,0.0,0.0
Pete Nance,1.0,0.0,0.0,0.0
Pat Spencer,1.0,0.0,0.0,0.0
Dariq Whitehead,1.0,0.0,0.0,0.0
Mamadi Diakite,1.0,0.0,0.0,0.0
E.J. Liddell,1.0,0.0,0.0,0.0
Drew Peterson,1.0,0.0,0.0,0.0
Jordan Ford,1.0,0.0,0.0,0.0
Isaiah Thomas,1.0,0.0,0.0,0.0
Usman Garuba,1.0,0.0,0.0,0.0
Danny Green,1.0,0.0,0.0,0.0
Alondes Williams,1.0,0.0,0.0,0.0
Ty Jerome,1.0,0.0,0.0,0.0
D.J. Wilson,1.0,0.0,0.0,0.0
Adam Flagler,1.0,0.0,0.0,0.0
Andrew Funk,1.0,0.0,0.0,0.0
Quenton Jackson,1.0,0.0,0.0,0.0
Joshua Primo,1.0,0.0,0.0,0.0
Filip Petrušev,1.0,0.0,0.0,0.0
Lindell Wigginton,1.0,0.0,0.0,0.0
Kaiser Gates,1.0,0.0,0.0,0.0
Shaquille Harrison,1.0,0.0,0.0,0.0
Kevon Harris,1.0,0.0,0.0,0.0
Hamidou Diallo,1.0,0.0,0.0,0.0
Ron Harper Jr.,1.0,0.0,0.0,0.0
Markquis Nowell,0.99,0.01,0.0,0.0
Isaiah Wong,1.0,0.0,0.0,0.0
Izaiah Brockington,1.0,0.0,0.0,0.0
Malcolm Cazalon,1.0,0.0,0.0,0.0
Jalen Crutcher,1.0,0.0,0.0,0.0
Dmytro Skapintsev,1.0,0.0,0.0,0.0
Justin Jackson,1.0,0.0,0.0,0.0
Javonte Smart,1.0,0.0,0.0,0.0
