Player,Season,WS/48,PER,PTS,TRB,AST,STL,BLK,Rookie,ClassRookie
Willie Anderson,1988,0.085,16.6,18.6,5.1,4.6,1.9,0.8,1,1
Hersey Hawkins,1988,0.075,14.2,15.1,2.8,3.0,1.5,0.5,1,1
Rik Smits,1988,0.101,15.6,11.7,6.1,0.9,0.5,1.8,1,1
Mitch Richmond,1988,0.098,17.2,22.0,5.9,4.2,1.0,0.2,1,1
Charles Smith,1988,0.089,15.6,16.3,6.5,1.5,1.0,1.3,1,1
Gary Grant,1988,-0.009,14.1,11.9,3.4,7.1,2.0,0.1,1,0
Danny Manning,1988,0.034,13.4,16.7,6.6,3.1,1.7,1.0,1,0
Ricky Berry,1988,0.083,13.1,11.0,3.1,1.3,0.6,0.3,1,0
Grant Long,1988,0.091,13.7,11.9,6.7,1.8,1.5,0.6,1,0
Vernon Maxwell,1988,0.035,12.1,11.7,2.6,3.8,1.1,0.1,1,0
Dan Majerle,1988,0.09,11.3,8.6,3.9,2.4,1.2,0.3,1,0
Anthony Bowie,1988,0.054,10.6,8.6,3.1,1.6,1.0,0.2,1,0
Chris Morris,1988,0.064,15.0,14.1,5.2,1.6,1.3,0.8,1,0
Rod Strickland,1988,0.131,18.0,8.9,2.0,3.9,1.2,0.0,1,0
Kevin Edwards,1988,-0.003,12.6,13.8,3.3,4.4,1.8,0.3,1,0
Ledell Eackles,1988,0.07,15.2,11.5,2.3,1.5,0.5,0.1,1,0
Brian Shaw,1988,0.046,12.2,8.6,4.6,5.8,1.0,0.3,1,0
Rex Chapman,1988,-0.005,12.6,16.9,2.5,2.3,0.9,0.3,1,0
Derrick Chievous,1988,0.05,11.6,9.3,3.2,1.0,0.6,0.1,1,0
Sylvester Gray,1988,0.028,11.2,8.0,5.2,2.1,0.7,0.5,1,0
Vinny Del Negro,1988,0.077,12.7,7.1,2.1,2.6,0.8,0.2,1,0
Jeff Grayer,1988,0.047,12.6,7.4,3.2,2.0,0.9,0.1,1,0
Mike Sanders,1988,0.071,10.5,9.3,3.7,1.6,1.1,0.4,0,0
Anthony Taylor,1988,0.029,11.1,6.9,1.6,2.0,1.0,0.2,1,0
Tom Garrick,1988,0.044,11.0,6.4,2.2,3.4,1.1,0.1,1,0
Darrell Walker,1988,0.07,13.4,9.0,6.4,6.3,2.0,0.3,0,0
Mark Bryant,1988,0.063,9.1,5.0,3.2,0.6,0.4,0.1,1,0
Chuck Person,1988,0.048,15.2,21.6,6.5,3.6,1.0,0.2,0,0
Jerome Lane,1988,0.013,12.3,4.8,3.7,1.1,0.4,0.1,1,0
Buck Johnson,1988,0.094,11.4,9.6,4.3,1.9,1.0,0.5,0,0
Sherman Douglas,1989,0.086,17.0,14.3,2.5,7.6,1.8,0.1,1,1
David Robinson,1989,0.241,26.3,24.3,12.0,2.0,1.7,3.9,1,1
Pooh Richardson,1989,0.082,15.8,11.4,2.6,6.8,1.6,0.3,1,1
Tim Hardaway,1989,0.06,16.0,14.7,3.9,8.7,2.1,0.2,1,1
Sean Elliott,1989,0.108,12.5,10.0,3.7,1.9,0.6,0.2,1,2
Vlade Divac,1989,0.148,17.5,8.5,6.2,0.9,1.0,1.4,1,1
Glen Rice,1989,0.029,11.3,13.6,4.6,1.8,0.9,0.4,1,2
J.R. Reid,1989,0.02,10.2,11.1,8.4,1.2,1.1,0.7,1,2
Stacey King,1989,0.098,13.8,8.9,4.7,1.1,0.5,0.7,1,2
Blue Edwards,1989,0.068,10.7,8.9,3.1,1.8,0.9,0.4,1,2
Nick Anderson,1989,0.049,14.9,11.5,3.9,1.5,0.9,0.4,1,0
Sam Mitchell,1989,0.102,13.7,12.7,5.8,1.1,0.8,0.7,1,0
Michael Ansley,1989,0.129,17.3,8.7,5.0,0.6,0.3,0.2,1,0
Charles Smith,1989,0.165,19.5,21.1,6.7,1.5,1.1,1.5,1,0
Derrick Gervin,1989,0.184,22.9,12.0,3.1,0.4,1.0,0.3,1,0
Mookie Blaylock,1989,-0.011,11.5,10.1,2.8,4.2,1.6,0.3,1,0
Winston Bennett,1989,0.055,10.0,6.1,3.4,1.0,0.4,0.2,1,0
Clifford Robinson,1989,0.01,9.3,9.1,3.8,0.9,0.6,0.6,1,0
Dražen Petrović,1989,0.139,15.5,7.6,1.4,1.5,0.3,0.0,1,0
Dana Barros,1989,0.053,12.8,9.7,1.6,2.5,0.7,0.0,1,0
Shawn Kemp,1989,0.092,15.9,6.5,4.3,0.3,0.6,0.9,1,0
Šarūnas Marčiulionis,1989,0.107,15.5,12.1,2.9,1.6,1.3,0.1,1,0
Chucky Brown,1989,0.078,11.9,7.3,3.1,0.7,0.4,0.3,1,0
Pervis Ellison,1989,0.021,10.3,8.0,5.8,1.9,0.5,1.7,1,0
Rod Higgins,1989,0.121,15.5,11.1,5.1,1.6,0.6,0.6,0,0
Reggie Theus,1989,0.052,15.9,18.9,2.9,5.4,0.8,0.2,0,0
Donald Royal,1989,0.087,15.2,5.9,2.1,0.7,0.5,0.1,1,0
Sam Vincent,1989,0.07,15.4,11.2,3.1,5.6,1.0,0.3,0,0
Vernon Maxwell,1989,0.068,11.5,9.0,2.9,3.7,1.1,0.1,0,0
Kenny Battle,1989,0.127,12.2,4.1,2.1,0.6,0.6,0.2,1,0
Derrick Coleman,1990,0.108,17.6,18.4,10.3,2.2,1.0,1.3,1,1
Felton Spencer,1990,0.128,13.8,7.1,7.9,0.3,0.6,1.5,1,2
Gary Payton,1990,0.073,13.2,7.2,3.0,6.4,2.0,0.2,1,2
Travis Mays,1990,0.047,12.3,14.3,2.8,4.0,1.3,0.2,1,2
Dee Brown,1990,0.087,13.2,8.7,2.2,4.2,1.0,0.2,1,1
Lionel Simmons,1990,0.044,15.4,18.0,8.8,4.0,1.4,1.1,1,1
Kendall Gill,1990,0.044,15.4,11.0,3.2,3.7,1.3,0.5,1,1
Dennis Scott,1990,0.054,13.0,15.7,2.9,1.6,0.8,0.3,1,1
Mahmoud Abdul-Rauf,1990,-0.031,12.2,14.1,1.8,3.1,0.8,0.1,1,2
Willie Burton,1990,0.052,11.5,12.0,3.4,1.4,0.9,0.3,1,2
Mario Elie,1990,0.122,12.9,7.2,3.3,1.4,0.6,0.3,1,0
Duane Causwell,1990,0.079,13.0,6.9,5.1,0.9,0.6,1.9,1,0
Tyrone Hill,1990,0.084,10.5,5.3,5.2,0.3,0.4,0.4,1,0
Marcus Liberty,1990,-0.004,10.4,6.7,2.9,0.8,0.6,0.3,1,0
Anthony Bonner,1990,0.044,12.2,7.4,4.7,1.4,1.1,0.1,1,0
A.J. English,1990,0.008,10.6,8.8,2.1,2.5,0.4,0.2,1,0
Danny Ferry,1990,0.028,10.9,8.6,3.5,1.8,0.5,0.3,1,0
Henry James,1990,0.053,14.7,8.1,2.1,0.9,0.4,0.1,1,0
Alec Kessler,1990,-0.005,8.4,6.2,4.3,0.4,0.2,0.3,1,0
Cedric Ceballos,1990,0.085,17.8,8.2,2.4,0.6,0.3,0.1,1,0
Anthony Cook,1990,0.022,10.7,5.3,5.6,0.4,0.6,1.2,1,0
Pervis Ellison,1990,0.1,15.9,10.4,7.7,1.3,0.6,2.1,0,0
Blue Edwards,1990,0.065,10.4,9.3,3.2,1.7,0.9,0.5,0,0
Mookie Blaylock,1990,0.04,13.1,14.1,3.5,6.1,2.3,0.6,0,0
Otis Smith,1990,0.09,17.2,13.9,5.2,2.3,1.1,0.5,0,0
Rick Mahorn,1990,0.086,11.8,8.9,7.8,1.5,1.0,0.7,0,0
Terry Mills,1990,0.078,13.6,5.7,4.2,0.6,0.6,0.5,1,0
Tony Campbell,1990,0.062,16.6,21.8,4.5,2.8,1.6,0.6,0,0
John Starks,1990,0.097,14.3,7.6,2.1,3.3,1.0,0.3,0,0
Rex Chapman,1990,0.069,15.1,15.7,2.7,3.6,1.0,0.2,0,0
Larry Johnson,1991,0.14,18.9,19.2,11.0,3.6,1.0,0.6,1,1
Dikembe Mutombo,1991,0.086,16.5,16.6,12.3,2.2,0.6,3.0,1,1
Stanley Roberts,1991,0.092,16.3,10.4,6.1,0.7,0.4,1.5,1,2
Stacey Augmon,1991,0.071,14.4,13.3,5.1,2.5,1.5,0.3,1,1
Billy Owens,1991,0.107,15.6,14.3,8.0,2.4,1.1,0.8,1,1
Rick Fox,1991,0.073,12.2,8.0,2.7,1.6,1.0,0.4,1,2
Steve Smith,1991,0.04,12.5,12.0,3.1,4.6,1.0,0.3,1,1
Larry Stewart,1991,0.101,12.9,10.4,5.9,1.6,0.7,0.6,1,2
Terrell Brandon,1991,0.028,12.8,7.4,2.0,3.9,1.0,0.3,1,2
Mark Macon,1991,-0.016,8.3,10.6,2.9,2.2,2.0,0.2,1,2
Paul Graham,1991,0.1,14.7,10.1,3.0,2.2,1.2,0.3,1,0
Donald Hodge,1991,0.069,13.8,8.4,5.4,0.8,0.5,0.5,1,0
Victor Alexander,1991,0.09,13.9,7.4,4.2,0.4,0.6,0.8,1,0
Dale Davis,1991,0.126,13.3,6.2,6.4,0.5,0.4,1.2,1,0
Mike Iuzzolino,1991,0.081,13.3,9.3,1.9,3.7,0.6,0.0,1,0
Doug Smith,1991,0.023,11.9,8.8,5.1,1.7,0.8,0.4,1,0
Bison Dele,1991,0.097,17.1,9.1,5.7,0.7,0.9,1.1,1,0
Kenny Anderson,1991,0.022,12.8,7.0,2.0,3.2,1.0,0.1,1,0
Terry Davis,1991,0.069,12.4,10.2,9.9,0.8,0.4,0.4,0,0
Carl Thomas,1991,-0.027,6.4,12.0,0.0,1.0,1.0,0.0,1,0
Kevin Duckworth,1991,0.071,10.5,10.7,6.1,1.2,0.5,0.5,0,0
Chris Gatling,1991,0.156,18.2,5.7,3.4,0.3,0.6,0.7,1,0
Tyrone Corbin,1991,0.122,13.6,9.8,5.9,1.8,1.0,0.3,0,0
Rolando Blackman,1991,0.072,15.6,18.3,3.2,2.7,0.7,0.3,0,0
Hersey Hawkins,1991,0.124,17.0,19.0,3.3,3.1,1.9,0.5,0,0
Nick Anderson,1991,0.078,16.4,19.9,6.4,2.7,1.6,0.6,0,0
Mookie Blaylock,1991,0.092,15.2,13.8,3.7,6.8,2.4,0.6,0,0
Spud Webb,1991,0.072,15.1,16.0,2.9,7.1,1.6,0.3,0,0
Pooh Richardson,1991,0.068,17.4,16.5,3.7,8.4,1.5,0.3,0,0
Lionel Simmons,1991,0.071,16.5,17.1,8.1,4.3,1.7,1.7,0,0
Walt Williams,1992,0.047,15.0,17.0,4.5,3.0,1.1,0.5,1,2
Latrell Sprewell,1992,0.07,13.6,15.4,3.5,3.8,1.6,0.7,1,2
Christian Laettner,1992,0.085,17.3,18.2,8.7,2.8,1.3,1.0,1,1
Shaquille O'Neal,1992,0.163,22.9,23.4,13.9,1.9,0.7,3.5,1,1
Tom Gugliotta,1992,0.028,14.6,14.7,9.6,3.8,1.7,0.4,1,1
Richard Dumas,1992,0.142,18.6,15.8,4.6,1.3,1.8,0.8,1,2
Alonzo Mourning,1992,0.148,20.8,21.0,10.3,1.0,0.3,3.5,1,1
Robert Horry,1992,0.075,12.1,10.1,5.0,2.4,1.0,1.1,1,2
LaPhonso Ellis,1992,0.139,16.6,14.7,9.1,1.8,0.9,1.4,1,1
Clarence Weatherspoon,1992,0.059,15.0,15.6,7.2,1.8,1.0,0.8,1,2
Bryant Stith,1992,0.09,11.7,8.9,3.2,1.3,0.6,0.1,1,0
Andre Spencer,1992,0.071,12.8,9.4,4.1,1.2,0.9,0.4,1,0
Anthony Peeler,1992,0.078,13.9,10.4,2.3,2.2,0.8,0.2,1,0
Anthony Avent,1992,0.005,10.2,9.8,6.2,1.1,0.7,0.9,1,0
Todd Day,1992,0.065,14.5,13.8,4.1,1.6,1.1,0.7,1,0
Lloyd Daniels,1992,0.056,12.9,9.1,2.8,1.9,0.5,0.4,1,0
Jim Jackson,1992,-0.081,11.0,16.3,4.4,4.7,1.4,0.4,1,0
Sean Rooks,1992,0.034,14.7,13.5,7.4,1.3,0.5,1.1,1,0
Harold Miner,1992,0.069,14.3,10.3,2.0,1.0,0.5,0.1,1,0
Byron Houston,1992,0.068,10.6,5.3,4.0,0.9,0.6,0.5,1,0
Thomas Jordan,1992,-0.1,6.9,11.0,4.8,0.8,0.8,1.3,1,0
Adam Keefe,1992,0.102,13.6,6.6,5.3,1.0,0.7,0.2,1,0
Doug Overton,1992,0.028,11.8,8.1,2.4,3.5,0.7,0.1,1,0
Kevin Duckworth,1992,0.069,11.4,9.9,5.2,0.9,0.6,0.5,0,0
Dexter Cambridge,1992,0.022,12.1,7.0,3.2,1.1,0.5,0.1,1,0
Doug Christie,1992,0.012,12.4,6.2,2.2,2.3,1.0,0.2,1,0
Keith Jennings,1992,0.205,18.5,8.6,1.4,2.9,0.5,0.0,1,0
Walter Bond,1992,-0.024,9.0,8.0,2.6,1.6,1.0,0.2,1,0
Oliver Miller,1992,0.07,12.7,5.6,4.9,2.1,0.7,1.8,1,0
Derek Harper,1992,0.062,15.9,18.2,2.0,5.4,1.3,0.3,0,0
Nick Van Exel,1993,0.061,13.6,13.6,2.9,5.8,1.0,0.1,1,2
Anfernee Hardaway,1993,0.112,17.4,16.0,5.4,6.6,2.3,0.6,1,1
Jamal Mashburn,1993,0.014,13.2,19.2,4.5,3.4,1.1,0.2,1,1
Vin Baker,1993,0.082,16.1,13.5,7.6,2.0,0.7,1.4,1,1
Isaiah Rider,1993,0.034,14.2,16.6,4.0,2.6,0.7,0.4,1,1
Chris Webber,1993,0.154,21.7,17.5,9.1,3.6,1.2,2.2,1,1
Dino Radja,1993,0.124,18.2,15.1,7.2,1.4,0.9,0.8,1,2
Shawn Bradley,1993,-0.039,11.6,10.3,6.2,2.0,0.9,3.0,1,2
Lindsey Hunter,1993,-0.017,12.0,10.3,2.3,4.8,1.5,0.1,1,2
Toni Kukoč,1993,0.086,15.4,10.9,4.0,3.4,1.1,0.4,1,2
Antonio Davis,1993,0.139,15.2,7.7,6.2,0.7,0.6,1.0,1,0
Chris Mills,1993,0.096,12.6,9.4,5.1,1.6,0.7,0.6,1,0
Sam Cassell,1993,0.093,13.1,6.7,2.0,2.9,0.9,0.1,1,0
Chris Jent,1993,0.1,11.0,10.3,5.0,2.3,0.0,0.0,1,0
Bo Outlaw,1993,0.127,14.3,6.9,5.7,1.0,1.0,1.0,1,0
Calbert Cheaney,1993,0.035,14.0,12.0,2.9,1.9,1.0,0.2,1,0
Bryon Russell,1993,0.089,11.1,5.0,2.7,0.8,1.0,0.3,1,0
Harold Ellis,1993,0.146,17.2,8.7,3.1,0.6,1.5,0.0,1,0
George Lynch,1993,0.107,16.1,9.6,5.8,1.4,1.4,0.4,1,0
Reggie Jordan,1993,0.142,20.1,5.4,2.9,1.1,0.6,0.2,1,0
Popeye Jones,1993,0.098,14.1,5.8,7.5,1.2,0.8,0.4,1,0
Rodney Rogers,1993,0.067,12.9,8.1,2.9,1.3,0.8,0.6,1,0
P.J. Brown,1993,0.105,12.2,5.7,6.2,1.2,0.9,1.2,1,0
Bobby Hurley,1993,-0.044,8.4,7.1,1.8,6.1,0.7,0.1,1,0
Mitchell Butler,1993,0.04,13.0,6.9,3.0,1.0,0.7,0.3,1,0
Loy Vaught,1993,0.125,16.0,11.7,8.7,1.0,1.0,0.3,0,0
Scott Skiles,1993,0.091,13.1,9.9,2.3,6.1,0.6,0.0,0,0
Doc Rivers,1993,0.146,12.9,7.5,2.1,5.3,1.3,0.3,0,0
Greg Anthony,1993,0.132,13.0,7.9,2.4,4.6,1.4,0.2,0,0
Ron Harper,1993,0.049,15.7,20.1,6.1,4.6,1.9,0.7,0,0
Juwan Howard,1994,0.057,15.0,17.0,8.4,2.5,0.8,0.2,1,2
Glenn Robinson,1994,0.053,16.6,21.9,6.4,2.5,1.4,0.3,1,1
Grant Hill,1994,0.097,19.0,19.9,6.4,5.0,1.8,0.9,1,1
Eddie Jones,1994,0.122,16.3,14.0,3.9,2.0,2.0,0.6,1,1
Eric Montross,1994,0.084,12.1,10.0,7.3,0.5,0.4,0.8,1,2
Brian Grant,1994,0.112,16.5,13.2,7.5,1.2,0.6,1.5,1,1
Jalen Rose,1994,0.103,15.1,8.2,2.7,4.8,0.8,0.3,1,2
Jason Kidd,1994,0.066,15.1,11.7,5.4,7.7,1.9,0.3,1,1
Wesley Person,1994,0.101,14.2,10.4,2.6,1.3,0.6,0.3,1,2
Lamond Murray,1994,-0.006,11.6,14.1,4.4,1.6,0.9,0.7,1,0
Donyell Marshall,1994,0.007,12.5,12.6,5.6,1.5,0.6,1.2,1,0
Carlos Rogers,1994,0.045,14.3,8.9,5.7,0.8,0.4,1.1,1,0
Clifford Rozier,1994,0.043,11.5,6.8,7.4,0.7,0.5,0.6,1,0
Khalid Reeves,1994,0.115,16.9,9.2,2.8,4.3,1.1,0.1,1,0
Aaron McKie,1994,0.115,13.3,6.5,2.9,2.0,0.8,0.4,1,0
Sharone Wright,1994,0.04,14.0,11.4,6.0,0.6,0.5,1.3,1,0
Michael Smith,1994,0.101,13.5,6.9,5.9,0.8,0.7,0.6,1,0
Eric Piatkowski,1994,0.079,13.9,7.0,1.6,1.0,0.5,0.2,1,0
Greg Minor,1994,0.106,14.7,6.0,2.2,1.0,0.5,0.3,1,0
Anthony Miller,1994,0.111,14.7,4.1,3.3,0.8,0.4,0.2,1,0
Darrick Martin,1994,0.004,10.3,7.5,1.9,3.9,1.0,0.0,1,0
Ryan Lorthridge,1994,0.032,12.9,7.4,1.9,2.7,0.8,0.0,1,0
Dikembe Mutombo,1994,0.135,17.0,11.5,12.5,1.4,0.5,3.9,0,0
Dale Davis,1994,0.14,16.1,10.6,9.4,0.8,1.0,1.6,0,0
Shawn Bradley,1994,0.071,14.8,9.5,8.0,0.6,0.7,3.3,0,0
Billy Owens,1994,0.067,15.6,14.3,7.2,3.5,1.1,0.4,0,0
Otis Thorpe,1994,0.129,16.4,13.4,8.0,1.6,0.6,0.4,0,0
Kevin Willis,1994,0.073,16.1,17.2,10.9,1.3,0.9,0.5,0,0
Gheorghe Mureșan,1994,0.116,17.4,10.0,6.7,0.5,0.7,1.7,0,0
Buck Williams,1994,0.121,13.6,9.2,8.2,1.0,0.8,0.8,0,0
Damon Stoudamire,1995,0.072,16.7,19.0,4.0,9.3,1.4,0.3,1,1
Joe Smith,1995,0.116,17.2,15.3,8.7,1.0,1.0,1.6,1,1
Kevin Garnett,1995,0.092,15.8,10.4,6.3,1.8,1.1,1.6,1,2
Rasheed Wallace,1995,0.063,11.8,10.1,4.7,1.3,0.6,0.8,1,2
Tyus Edney,1995,0.064,12.7,10.8,2.5,6.1,1.1,0.0,1,2
Antonio McDyess,1995,0.075,15.6,13.4,7.5,1.0,0.7,1.5,1,1
Jerry Stackhouse,1995,0.021,14.8,19.2,3.7,3.9,1.1,1.1,1,1
Brent Barry,1995,0.124,15.9,10.1,2.1,2.9,1.2,0.3,1,2
Bryant Reeves,1995,0.045,13.4,13.3,7.4,1.4,0.6,0.7,1,2
Kurt Thomas,1995,0.11,13.5,9.0,5.9,0.6,0.6,0.5,1,0
Michael Finley,1995,0.095,14.0,15.0,4.6,3.5,1.0,0.4,1,0
Arvydas Sabonis,1995,0.233,24.7,14.5,8.1,1.8,0.9,1.1,1,0
Sasha Danilović,1995,0.129,14.4,13.4,2.4,2.5,0.8,0.2,1,0
Eric Williams,1995,0.052,13.3,10.7,3.4,1.1,0.9,0.2,1,0
Alan Henderson,1995,0.069,12.9,6.4,4.5,0.6,0.6,0.5,1,0
Don Reid,1995,0.141,12.1,3.8,2.9,0.2,0.7,0.6,1,0
Bob Sura,1995,0.069,15.0,5.3,1.7,2.9,0.7,0.3,1,0
Cherokee Parks,1995,0.05,10.9,3.9,3.4,0.5,0.4,0.5,1,0
Jalen Rose,1995,0.065,14.3,10.0,3.3,6.2,0.7,0.5,0,0
Shawn Bradley,1995,0.062,15.7,11.9,8.1,0.8,0.6,3.6,0,0
Oliver Miller,1995,0.072,16.2,12.9,7.4,2.9,1.4,1.9,0,0
Ed O'Bannon,1995,0.026,9.2,6.2,2.6,1.0,0.7,0.2,1,0
Gary Trent,1995,0.065,12.4,7.5,3.4,0.7,0.4,0.2,1,0
Ashraf Amaya,1995,0.078,11.8,6.3,5.6,0.6,0.4,0.2,1,0
Harvey Grant,1995,0.081,10.4,9.3,4.8,1.5,0.8,0.6,0,0
Glenn Robinson,1995,0.052,15.9,20.2,6.1,3.6,1.2,0.5,0,0
Dikembe Mutombo,1995,0.134,17.1,11.0,11.8,1.5,0.5,4.5,0,0
Theo Ratliff,1995,0.141,14.0,4.5,4.0,0.2,0.2,1.5,1,0
Juwan Howard,1995,0.082,17.0,22.1,8.1,4.4,0.8,0.5,0,0
Jason Kidd,1995,0.068,17.8,16.6,6.8,9.7,2.2,0.3,0,0
Stephon Marbury,1996,0.077,16.1,15.8,2.7,7.8,1.0,0.3,1,1
Allen Iverson,1996,0.065,18.0,23.5,4.1,7.5,2.1,0.3,1,1
Antoine Walker,1996,0.027,15.5,17.5,9.0,3.2,1.3,0.6,1,1
Marcus Camby,1996,0.095,17.8,14.8,6.3,1.5,1.0,2.1,1,1
Shareef Abdur-Rahim,1996,0.049,17.4,18.7,6.9,2.2,1.0,1.0,1,1
Ray Allen,1996,0.092,14.6,13.4,4.0,2.6,0.9,0.1,1,2
Kerry Kittles,1996,0.11,16.0,16.4,3.9,3.0,1.9,0.4,1,2
Travis Knight,1996,0.137,14.1,4.8,4.5,0.5,0.4,0.8,1,2
Matt Maloney,1996,0.107,12.3,9.4,2.0,3.7,1.0,0.0,1,2
Kobe Bryant,1996,0.079,14.4,7.6,1.9,1.3,0.7,0.3,1,2
Dean Garrett,1996,0.179,17.7,8.0,7.3,0.6,0.6,1.4,1,0
Erick Strickland,1996,0.017,11.0,10.6,3.2,2.4,1.0,0.2,1,0
Shandon Anderson,1996,0.056,10.4,5.9,2.8,0.8,0.4,0.1,1,0
Lorenzen Wright,1996,0.079,12.5,7.3,6.1,0.6,0.6,0.8,1,0
Roy Rogers,1996,0.037,12.6,6.6,4.7,0.6,0.3,2.0,1,0
Malik Rose,1996,0.1,13.7,3.0,3.0,0.6,0.5,0.3,1,0
Shawn Bradley,1996,0.062,16.5,13.2,8.4,0.7,0.5,3.4,0,0
Erick Dampier,1996,0.04,11.8,5.1,4.1,0.6,0.3,1.0,1,0
Dominique Wilkins,1996,0.083,19.6,18.2,6.4,1.9,0.6,0.5,0,0
Sean Elliott,1996,0.051,14.0,14.9,4.9,3.2,0.6,0.6,0,0
Will Perdue,1996,0.11,16.7,8.7,9.8,0.6,0.5,1.6,0,0
Glenn Robinson,1996,0.072,17.5,21.1,6.3,3.1,1.3,0.9,0,0
Rod Strickland,1996,0.141,19.7,17.2,4.1,8.9,1.7,0.2,0,0
Hot Rod Williams,1996,0.119,13.8,8.0,8.3,1.5,1.0,1.3,0,0
LaPhonso Ellis,1996,0.087,18.2,21.9,7.0,2.4,0.8,0.7,0,0
P.J. Brown,1996,0.139,13.8,9.5,8.4,1.2,1.1,1.2,0,0
Travis Best,1996,0.096,13.3,9.9,2.2,4.2,1.3,0.1,0,0
Joe Smith,1996,0.068,16.0,18.7,8.5,1.6,0.9,1.1,0,0
Cedric Ceballos,1996,0.082,16.2,14.6,6.6,1.3,0.7,0.5,0,0
Eddie Jones,1996,0.154,17.3,17.2,4.1,3.4,2.4,0.6,0,0
Tim Duncan,1997,0.192,22.6,21.1,11.9,2.7,0.7,2.5,1,1
Keith Van Horn,1997,0.098,15.7,19.7,6.6,1.7,1.0,0.4,1,1
Ron Mercer,1997,0.073,14.1,15.3,3.5,2.2,1.6,0.2,1,1
Derek Anderson,1997,0.139,15.3,11.7,2.8,3.4,1.3,0.2,1,2
Zydrunas Ilgauskas,1997,0.189,19.7,13.9,8.8,0.9,0.6,1.6,1,1
Cedric Henderson,1997,0.072,10.7,10.1,4.0,2.0,1.2,0.5,1,2
Brevin Knight,1997,0.163,17.1,9.0,3.2,8.2,2.5,0.2,1,1
Maurice Taylor,1997,0.057,16.1,11.5,4.2,0.7,0.5,0.6,1,2
Bobby Jackson,1997,-0.014,13.6,11.6,4.4,4.7,1.5,0.2,1,2
Tim Thomas,1997,0.091,14.8,11.0,3.7,1.2,0.7,0.2,1,2
Chauncey Billups,1997,0.065,13.6,11.2,2.4,3.9,1.3,0.1,1,0
Danny Fortson,1997,0.051,14.3,10.2,5.6,1.0,0.6,0.4,1,0
Lawrence Funderburke,1997,0.092,16.2,9.5,4.5,1.2,0.4,0.3,1,0
Ed Gray,1997,0.083,13.0,7.6,1.5,1.1,0.5,0.4,1,0
Tracy McGrady,1997,0.081,17.4,7.0,4.2,1.5,0.8,1.0,1,0
Tony Battie,1997,0.015,13.3,8.4,5.4,0.9,0.8,1.1,1,0
Chris Anstey,1997,0.044,13.2,5.9,3.8,0.9,0.8,0.7,1,0
Michael Stewart,1997,0.081,12.9,4.6,6.6,0.8,0.4,2.4,1,0
Kelvin Cato,1997,0.129,13.3,3.8,3.4,0.3,0.4,1.3,1,0
Calbert Cheaney,1997,0.069,11.7,12.8,4.0,2.1,1.2,0.4,0,0
Anthony Johnson,1997,0.008,8.6,7.5,2.2,4.3,0.8,0.1,1,0
Antonio Daniels,1997,-0.032,9.9,7.8,1.9,4.5,0.7,0.1,1,0
Shawn Bradley,1997,0.077,17.7,11.4,8.1,0.9,0.8,3.3,0,0
Charles Oakley,1997,0.122,13.1,9.0,9.2,2.5,1.6,0.3,0,0
Bo Outlaw,1997,0.124,15.5,9.5,7.8,2.6,1.3,2.2,0,0
Jerry Stackhouse,1997,0.089,16.2,15.8,3.4,3.1,1.1,0.7,0,0
Brent Barry,1997,0.08,14.3,10.9,2.9,2.6,1.1,0.5,0,0
Isaac Austin,1997,0.077,16.3,13.5,7.1,2.2,0.8,0.7,0,0
Antoine Walker,1997,0.07,17.8,22.4,10.2,3.3,1.7,0.7,0,0
Theo Ratliff,1997,0.132,16.2,9.9,6.7,0.7,0.6,3.1,0,0
Mike Bibby,1998,0.035,14.8,13.2,2.7,6.5,1.6,0.1,1,1
Cuttino Mobley,1998,0.077,12.2,9.9,2.3,2.5,0.9,0.5,1,2
Jason Williams,1998,0.055,12.8,12.8,3.1,6.0,1.9,0.0,1,1
Vince Carter,1998,0.136,19.6,18.3,5.7,3.0,1.1,1.5,1,1
Michael Dickerson,1998,0.069,11.5,10.9,1.7,1.9,0.5,0.2,1,2
Paul Pierce,1998,0.144,19.2,16.5,6.4,2.4,1.7,1.0,1,1
Matt Harpring,1998,0.113,13.0,8.2,4.3,0.9,0.6,0.1,1,1
Antawn Jamison,1998,0.105,16.6,9.6,6.4,0.7,0.8,0.3,1,2
Michael Olowokandi,1998,-0.01,11.8,8.9,7.9,0.6,0.6,1.2,1,2
Michael Doleac,1998,0.138,13.7,6.2,3.0,0.4,0.4,0.3,1,2
Raef LaFrentz,1998,0.144,18.9,13.8,7.6,0.7,0.8,1.4,1,0
Felipe López,1998,0.021,11.8,9.3,3.5,1.3,1.0,0.3,1,0
Larry Hughes,1998,0.117,16.7,9.1,3.8,1.5,0.9,0.3,1,0
Robert Traylor,1998,0.152,17.0,5.3,3.7,0.8,0.9,0.9,1,0
Peja Stojaković,1998,0.081,13.5,8.4,3.0,1.5,0.9,0.1,1,0
Tyrone Nesby,1998,0.117,17.0,10.1,3.5,1.6,1.5,0.4,1,0
Kornél Dávid,1998,0.09,13.6,6.2,3.5,0.8,0.5,0.3,1,0
Jelani McCoy,1998,0.201,21.1,5.1,3.0,0.2,0.4,0.8,1,0
Dirk Nowitzki,1998,0.04,12.8,8.2,3.4,1.0,0.6,0.6,1,0
Andrae Patterson,1998,0.114,14.5,3.3,1.9,0.4,0.5,0.2,1,0
Vladimir Stepania,1998,-0.022,11.3,5.5,3.3,0.5,0.4,1.0,1,0
Jerry Stackhouse,1998,0.076,15.2,14.5,2.5,2.8,0.8,0.5,0,0
Jayson Williams,1998,0.102,14.5,8.1,12.0,1.1,0.8,2.0,0,0
Toni Kukoč,1998,0.082,18.6,18.8,7.0,5.3,1.1,0.3,0,0
Damon Jones,1998,0.095,13.7,5.2,1.8,1.8,0.5,0.0,1,0
Gary Trent,1998,0.14,20.8,16.0,7.8,1.7,0.6,0.5,0,0
Avery Johnson,1998,0.111,14.0,9.7,2.4,7.4,1.0,0.2,0,0
Charlie Ward,1998,0.094,13.2,7.6,3.4,5.4,2.1,0.2,0,0
Kerry Kittles,1998,0.054,13.5,12.9,4.2,2.5,1.7,0.6,0,0
Patrick Ewing,1998,0.123,19.4,17.3,9.9,1.1,0.8,2.6,0,0
Elton Brand,1999,0.121,20.6,20.1,10.0,1.9,0.8,1.6,1,1
Metta World Peace,1999,0.05,13.4,12.0,4.3,2.8,1.7,0.5,1,2
Andre Miller,1999,0.122,17.9,11.1,3.4,5.8,1.0,0.2,1,1
Wally Szczerbiak,1999,0.137,15.4,11.6,3.7,2.8,0.8,0.3,1,1
Steve Francis,1999,0.111,18.4,18.0,5.3,6.6,1.5,0.4,1,1
Lamar Odom,1999,0.055,16.8,16.6,7.8,4.2,1.2,1.3,1,1
Shawn Marion,1999,0.158,17.1,10.2,6.5,1.4,0.7,1.0,1,2
Jason Terry,1999,0.047,13.9,8.1,2.0,4.3,1.1,0.1,1,2
James Posey,1999,0.101,13.0,8.2,3.9,1.8,1.2,0.4,1,2
Chucky Atkins,1999,0.072,14.4,9.5,1.5,3.7,0.6,0.0,1,2
Eddie Robinson,1999,0.13,16.4,7.0,2.7,0.5,0.7,0.4,1,0
Richard Hamilton,1999,0.024,11.6,9.0,1.8,1.5,0.4,0.1,1,0
Vonteego Cummings,1999,0.036,12.9,9.4,2.5,3.3,1.2,0.2,1,0
Kenny Thomas,1999,0.058,12.0,8.3,6.1,1.6,0.8,0.3,1,0
Corey Maggette,1999,0.091,14.1,8.4,3.9,0.8,0.3,0.3,1,0
Anthony Carter,1999,0.036,11.0,6.3,2.5,4.8,1.2,0.1,1,0
Baron Davis,1999,0.065,12.9,5.9,2.0,3.8,1.2,0.2,1,0
Adrian Griffin,1999,0.098,12.6,6.7,5.2,2.5,1.6,0.2,1,0
Ryan Bowen,1999,0.111,11.8,2.5,2.2,0.4,0.8,0.3,1,0
Glenn Robinson,1999,0.08,17.8,20.9,6.0,2.4,1.0,0.5,0,0
Kendall Gill,1999,0.076,15.2,13.1,3.7,2.8,1.8,0.5,0,0
Antawn Jamison,1999,0.043,16.7,19.6,8.3,2.1,0.7,0.3,0,0
Dedric Willoughby,1999,0.04,12.2,7.6,2.0,2.6,0.9,0.1,1,0
Hakeem Olajuwon,1999,0.072,16.7,10.3,6.2,1.4,0.9,1.6,0,0
Michael Dickerson,1999,0.085,15.6,18.2,3.4,2.5,1.4,0.5,0,0
George Lynch,1999,0.116,13.7,9.6,7.8,1.8,1.6,0.5,0,0
Derek Anderson,1999,0.073,16.9,16.9,4.0,3.4,1.4,0.2,0,0
Dirk Nowitzki,1999,0.132,17.5,17.5,6.5,2.5,0.8,0.8,0,0
P.J. Brown,1999,0.143,15.3,9.6,7.5,1.8,0.8,0.8,0,0
Mike Bibby,1999,0.086,16.7,14.5,3.7,8.1,1.6,0.2,0,0
Marc Jackson,2000,0.089,16.1,13.2,7.5,1.2,0.7,0.6,1,1
Darius Miles,2000,0.068,14.7,9.4,5.9,1.2,0.6,1.5,1,1
Kenyon Martin,2000,0.044,13.4,12.0,7.4,1.9,1.1,1.7,1,1
Marcus Fizer,2000,-0.022,11.0,9.5,4.3,1.1,0.4,0.3,1,2
Mike Miller,2000,0.106,13.2,11.9,4.0,1.7,0.6,0.2,1,1
Chris Mihm,2000,0.053,12.6,7.6,4.7,0.3,0.3,0.9,1,2
Morris Peterson,2000,0.096,14.1,9.3,3.2,1.3,0.8,0.3,1,1
Desmond Mason,2000,0.055,10.5,5.9,3.2,0.8,0.5,0.3,1,2
Courtney Alexander,2000,0.027,11.6,9.5,2.2,1.0,0.7,0.1,1,2
Hedo Türkoğlu,2000,0.106,11.7,5.3,2.8,0.9,0.7,0.3,1,2
Stephen Jackson,2000,0.026,12.1,8.2,2.7,1.8,1.1,0.2,1,0
Quentin Richardson,2000,0.106,16.5,8.1,3.4,0.8,0.6,0.1,1,0
Jamaal Magloire,2000,0.114,13.4,4.6,4.0,0.4,0.2,1.1,1,0
Chris Porter,2000,0.008,11.1,8.6,3.7,1.2,0.9,0.1,1,0
Stromile Swift,2000,0.069,13.1,4.9,3.6,0.4,0.8,1.0,1,0
Juwan Howard,2000,0.071,16.0,18.0,7.1,2.8,0.9,0.5,0,0
Charles Oakley,2000,0.065,11.6,9.6,9.5,3.4,1.0,0.6,0,0
Khalid El-Amin,2000,0.03,12.2,6.3,1.6,2.9,1.0,0.0,1,0
Jahidi White,2000,0.061,14.7,8.6,7.7,0.3,0.5,1.6,0,0
Horace Grant,2000,0.13,14.3,8.5,7.1,1.6,0.7,0.8,0,0
Calvin Booth,2000,0.106,16.1,5.3,4.5,0.8,0.5,2.0,0,0
Toni Kukoč,2000,0.14,17.8,11.1,4.0,3.1,0.7,0.2,0,0
Elden Campbell,2000,0.131,16.4,13.1,7.8,1.3,0.8,1.8,0,0
Jermaine O'Neal,2000,0.116,17.5,12.9,9.8,1.2,0.6,2.8,0,0
Jerry Stackhouse,2000,0.137,21.8,29.8,3.9,5.1,1.2,0.7,0,0
Othella Harrington,2000,0.067,12.0,9.0,5.2,0.8,0.5,0.6,0,0
Mark Blount,2000,0.084,11.1,3.9,3.6,0.5,0.6,1.2,1,0
P.J. Brown,2000,0.137,13.3,8.5,9.3,1.6,1.0,1.2,0,0
Eric Snow,2000,0.105,13.9,9.8,3.3,7.4,1.5,0.1,0,0
Metta World Peace,2000,0.039,13.6,11.9,3.9,3.0,2.0,0.6,0,0
Pau Gasol,2001,0.121,19.5,17.6,8.9,2.7,0.5,2.1,1,1
Jamaal Tinsley,2001,0.033,13.4,9.4,3.7,8.1,1.7,0.5,1,2
Jason Richardson,2001,0.052,13.8,14.4,4.3,3.0,1.3,0.4,1,1
Richard Jefferson,2001,0.117,13.4,9.4,3.7,1.8,0.8,0.6,1,2
Tony Parker,2001,0.08,11.7,9.2,2.6,4.3,1.2,0.1,1,1
Eddie Griffin,2001,0.061,13.8,8.8,5.7,0.7,0.2,1.8,1,2
Andrei Kirilenko,2001,0.164,18.8,10.7,4.9,1.1,1.4,1.9,1,1
Shane Battier,2001,0.074,13.9,14.4,5.4,2.8,1.6,1.0,1,1
Željko Rebrača,2001,0.134,16.2,6.9,3.9,0.5,0.4,1.0,1,2
Gilbert Arenas,2001,0.114,17.0,10.9,2.8,3.7,1.5,0.2,1,0
Joe Johnson,2001,0.075,11.8,7.5,3.3,2.3,0.8,0.3,1,0
Jason Collins,2001,0.104,10.7,4.5,3.9,1.1,0.4,0.6,1,0
Trenton Hassell,2001,0.033,10.4,8.7,3.3,2.2,0.7,0.6,1,0
Brendan Haywood,2001,0.116,13.7,5.1,5.2,0.5,0.3,1.5,1,0
Speedy Claxton,2001,0.087,12.6,7.2,2.4,3.0,1.4,0.1,1,0
Tyson Chandler,2001,0.062,13.0,6.1,4.8,0.8,0.4,1.3,1,0
Etan Thomas,2001,0.127,15.7,4.3,3.9,0.1,0.4,0.7,1,0
Jarron Collins,2001,0.111,11.5,6.4,4.2,0.8,0.4,0.3,1,0
Troy Murphy,2001,0.046,10.3,5.9,3.9,0.9,0.4,0.3,1,0
Eddy Curry,2001,0.075,14.4,6.7,3.8,0.3,0.2,0.7,1,0
Vladimir Radmanović,2001,0.084,12.7,6.7,3.8,1.3,0.9,0.4,1,0
Tremaine Fowlkes,2001,0.071,9.5,3.4,2.9,0.8,0.5,0.0,1,0
Leon Smith,2001,0.109,14.0,2.2,2.2,0.2,0.4,0.1,1,0
Lamond Murray,2001,0.086,16.7,16.6,5.2,2.2,1.0,0.6,0,0
Tang Hamilton,2001,0.12,10.9,2.2,2.0,0.6,0.4,0.0,1,0
Horace Grant,2001,0.122,13.9,8.0,6.3,1.4,0.8,0.6,0,0
Keith Van Horn,2001,0.123,16.0,14.8,7.5,2.0,0.8,0.5,0,0
Jim Jackson,2001,0.073,11.3,10.7,5.3,2.5,0.8,0.3,0,0
Metta World Peace,2001,0.079,15.8,13.2,4.9,2.3,2.6,0.7,0,0
Cuttino Mobley,2001,0.087,16.7,21.7,4.1,2.5,1.5,0.5,0,0
Carlos Boozer,2002,0.139,17.9,10.0,7.5,1.3,0.7,0.6,1,2
Drew Gooden,2002,0.043,15.0,12.5,6.5,1.2,0.8,0.5,1,1
Caron Butler,2002,0.086,15.1,15.4,5.1,2.7,1.8,0.4,1,1
Yao Ming,2002,0.176,20.6,13.5,8.2,1.7,0.4,1.8,1,1
Gordan Giriček,2002,0.036,12.1,12.3,3.1,1.8,0.7,0.1,1,2
Jay Williams,2002,0.02,12.2,9.5,2.6,4.7,1.1,0.2,1,2
Amar'e Stoudemire,2002,0.116,16.2,13.5,8.8,1.0,0.8,1.1,1,1
Manu Ginóbili,2002,0.141,14.7,7.6,2.3,2.0,1.4,0.2,1,2
J.R. Bremer,2002,0.096,12.7,8.3,2.3,2.6,0.6,0.0,1,2
Nenê,2002,0.107,15.4,10.5,6.1,1.9,1.6,0.8,1,0
Dajuan Wagner,2002,0.011,10.9,13.4,1.7,2.8,0.8,0.1,1,0
Mehmet Okur,2002,0.134,14.8,6.9,4.7,1.0,0.3,0.5,1,0
Marko Jarić,2002,0.067,14.4,7.4,2.4,2.9,1.5,0.2,1,0
Reggie Evans,2002,0.105,10.4,3.2,6.6,0.5,0.6,0.2,1,0
Vincent Yarbrough,2002,0.035,9.5,6.9,2.7,2.2,1.0,0.6,1,0
Dan Gadzuric,2002,0.075,11.2,3.4,4.0,0.2,0.4,1.1,1,0
Troy Murphy,2002,0.122,15.9,11.7,10.2,1.3,0.8,0.4,0,0
Brian Grant,2002,0.139,15.6,10.3,10.2,1.3,0.8,0.6,0,0
Malik Rose,2002,0.13,16.1,10.4,6.4,1.6,0.7,0.5,0,0
Ricky Davis,2002,0.046,16.1,20.6,4.9,5.5,1.6,0.5,0,0
Jared Jeffries,2002,0.049,11.1,4.0,2.9,0.8,0.4,0.3,1,0
Rasual Butler,2002,0.002,9.5,7.5,2.6,1.3,0.3,0.6,1,0
Mike Batiste,2002,0.029,12.2,6.4,3.4,0.7,0.6,0.2,1,0
Derrick Coleman,2002,0.124,15.4,9.4,7.0,1.4,0.8,1.1,0,0
Adonal Foyle,2002,0.106,15.3,5.4,6.0,0.5,0.5,2.5,0,0
Kerry Kittles,2002,0.188,18.3,13.0,3.9,2.6,1.6,0.5,0,0
Keith Van Horn,2002,0.133,17.3,15.9,7.1,1.3,0.9,0.4,0,0
Jamaal Magloire,2002,0.133,15.4,10.3,8.8,1.1,0.6,1.4,0,0
Desmond Mason,2002,0.09,15.2,14.3,6.5,2.0,0.8,0.4,0,0
Smush Parker,2002,0.005,11.3,6.2,1.8,2.5,0.7,0.2,1,0
LeBron James,2003,0.078,18.3,20.9,5.5,5.9,1.6,0.7,1,1
Kirk Hinrich,2003,0.072,13.1,12.0,3.4,6.8,1.3,0.3,1,1
Dwyane Wade,2003,0.103,17.6,16.2,4.0,4.5,1.4,0.6,1,1
Carmelo Anthony,2003,0.098,17.6,21.0,6.1,2.8,1.2,0.5,1,1
Josh Howard,2003,0.104,15.7,8.6,5.5,1.4,1.0,0.8,1,2
Udonis Haslem,2003,0.128,13.7,7.3,6.3,0.7,0.4,0.3,1,2
Chris Bosh,2003,0.119,15.1,11.5,7.4,1.0,0.8,1.4,1,1
Marquis Daniels,2003,0.146,20.1,8.5,2.6,2.1,0.9,0.2,1,2
T.J. Ford,2003,0.022,12.1,7.1,3.2,6.5,1.1,0.1,1,2
Jarvis Hayes,2003,0.012,9.4,9.6,3.8,1.5,1.0,0.2,1,2
Keith Bogans,2003,0.034,11.0,6.8,4.3,1.3,0.6,0.1,1,0
Brian Cook,2003,0.122,14.0,4.4,2.9,0.6,0.5,0.5,1,0
Mike Sweetney,2003,0.138,17.2,4.3,3.7,0.3,0.4,0.3,1,0
Chris Kaman,2003,0.001,9.6,6.1,5.6,1.0,0.3,0.9,1,0
Darius Songaila,2003,0.129,14.6,4.6,3.1,0.7,0.6,0.2,1,0
Antonio Davis,2003,0.071,11.8,8.9,8.4,1.7,0.5,0.8,0,0
Raül López,2003,0.041,12.0,7.0,1.9,3.7,0.8,0.0,1,0
Linton Johnson,2003,0.023,9.6,4.2,4.5,0.7,0.9,0.8,1,0
Doug Christie,2003,0.099,14.0,10.1,4.0,4.2,1.8,0.5,0,0
Francisco Elson,2003,0.097,11.2,3.5,3.3,0.5,0.6,0.6,1,0
David West,2003,0.143,15.9,3.8,4.2,0.8,0.4,0.4,1,0
Caron Butler,2003,0.05,10.7,9.2,4.8,1.9,1.1,0.2,0,0
Leandro Barbosa,2003,0.061,12.7,7.9,1.8,2.4,1.3,0.1,1,0
Jason Richardson,2003,0.085,16.8,18.7,6.7,2.9,1.1,0.5,0,0
Juwan Howard,2003,0.059,15.6,17.0,7.0,2.0,0.7,0.3,0,0
Willie Green,2003,-0.003,10.8,6.9,1.2,1.0,0.5,0.1,1,0
Marcus Banks,2003,0.026,11.0,5.9,1.6,2.2,1.1,0.2,1,0
Quentin Richardson,2003,0.05,15.1,17.2,6.4,2.1,1.0,0.3,0,0
Jamal Crawford,2003,0.069,15.9,17.3,3.5,5.1,1.4,0.4,0,0
Keith Van Horn,2003,0.129,17.8,16.1,7.0,1.7,0.9,0.5,0,0
Dwight Howard,2004,0.131,17.2,12.0,10.0,0.9,0.9,1.7,1,1
Emeka Okafor,2004,0.074,16.3,15.1,10.9,0.9,0.8,1.7,1,1
Josh Smith,2004,0.055,15.4,9.7,6.2,1.7,0.8,1.9,1,2
Josh Childress,2004,0.093,15.2,10.1,6.0,1.9,0.9,0.4,1,2
Ben Gordon,2004,0.084,14.9,15.1,2.6,2.0,0.6,0.1,1,1
Nenad Krstić,2004,0.108,13.4,10.0,5.3,1.0,0.4,0.8,1,2
Andre Iguodala,2004,0.118,13.5,9.0,5.7,3.0,1.7,0.6,1,1
Luol Deng,2004,0.086,14.2,11.7,5.3,2.2,0.8,0.4,1,1
Jameer Nelson,2004,0.074,14.5,8.7,2.4,3.0,1.0,0.0,1,2
Al Jefferson,2004,0.123,16.6,6.7,4.4,0.3,0.3,0.8,1,2
Andrés Nocioni,2004,0.062,10.1,8.4,4.8,1.5,0.5,0.4,1,0
Shaun Livingston,2004,0.008,10.4,7.4,3.0,5.0,1.1,0.4,1,0
Matt Bonner,2004,0.13,14.7,7.2,3.5,0.6,0.5,0.2,1,0
Tony Allen,2004,0.103,14.7,6.4,2.9,0.8,1.0,0.3,1,0
Nick Collison,2004,0.135,15.0,5.6,4.6,0.4,0.4,0.6,1,0
Anderson Varejão,2004,0.164,17.0,4.9,4.8,0.5,0.8,0.7,1,0
Chris Duhon,2004,0.09,9.8,5.9,2.6,4.9,1.0,0.0,1,0
Devin Harris,2004,0.111,14.7,5.7,1.3,2.2,1.0,0.3,1,0
Damien Wilkins,2004,0.092,13.4,6.3,2.3,0.9,0.8,0.3,1,0
Andris Biedriņš,2004,0.154,14.8,3.6,3.9,0.4,0.4,0.8,1,0
Quinton Ross,2004,0.05,8.9,5.1,2.7,1.4,0.7,0.3,1,0
Marko Jarić,2004,0.08,13.9,9.9,3.2,6.1,1.7,0.3,0,0
Marcus Camby,2004,0.138,18.0,10.3,10.0,2.3,0.9,3.0,0,0
Trevor Ariza,2004,0.073,13.3,5.9,3.0,1.1,0.9,0.2,1,0
David Harrison,2004,0.09,12.9,6.1,3.1,0.3,0.4,1.3,1,0
Shareef Abdur-Rahim,2004,0.139,18.7,16.8,7.3,2.1,0.9,0.5,0,0
Cuttino Mobley,2004,0.089,15.0,17.2,3.5,2.8,1.1,0.5,0,0
Jeff McInnis,2004,0.074,12.4,12.8,2.1,5.1,0.7,0.0,0,0
Ricky Davis,2004,0.074,15.0,16.0,3.0,3.0,1.1,0.3,0,0
Richard Jefferson,2004,0.086,16.6,22.2,7.3,4.0,1.0,0.5,0,0
Chris Paul,2005,0.178,22.1,16.1,5.1,7.8,2.2,0.1,1,1
Charlie Villanueva,2005,0.079,16.4,13.0,6.4,1.1,0.7,0.8,1,1
Luther Head,2005,0.072,11.2,8.8,3.3,2.7,1.1,0.1,1,2
Raymond Felton,2005,0.051,14.2,11.9,3.3,5.6,1.3,0.1,1,2
Deron Williams,2005,0.059,12.4,10.8,2.4,4.5,0.8,0.2,1,1
Danny Granger,2005,0.139,14.7,7.5,4.9,1.2,0.7,0.8,1,2
Channing Frye,2005,0.108,18.1,12.3,5.8,0.8,0.5,0.7,1,1
Andrew Bogut,2005,0.113,15.2,9.4,7.0,2.3,0.6,0.8,1,1
Ryan Gomes,2005,0.108,14.0,7.6,4.9,1.0,0.6,0.1,1,2
Marvin Williams,2005,0.069,12.2,8.5,4.8,0.8,0.6,0.3,1,2
Bracey Wright,2005,0.054,12.1,8.9,2.6,0.7,0.1,0.0,1,0
Šarūnas Jasikevičius,2005,0.103,12.9,7.3,2.0,3.0,0.5,0.1,1,0
Salim Stoudamire,2005,0.046,12.5,9.7,1.9,1.2,0.4,0.0,1,0
Sean May,2005,0.047,15.3,8.2,4.7,1.0,0.7,0.5,1,0
Johan Petro,2005,0.037,10.4,5.2,4.4,0.2,0.4,0.8,1,0
David Lee,2005,0.116,15.4,5.1,4.5,0.6,0.4,0.3,1,0
Nate Robinson,2005,0.046,12.6,9.3,2.3,2.0,0.8,0.0,1,0
Francisco García,2005,0.06,10.3,5.6,2.8,1.4,0.6,0.7,1,0
Ike Diogu,2005,0.123,15.8,7.0,3.3,0.4,0.2,0.4,1,0
Amir Johnson,2005,0.208,20.3,6.7,1.3,1.0,0.0,0.7,1,0
Chuck Hayes,2005,0.212,18.0,3.7,4.5,0.4,0.7,0.4,1,0
Joey Graham,2005,0.038,10.2,6.7,3.1,0.8,0.5,0.2,1,0
Stephen Jackson,2005,0.073,13.6,16.4,3.9,2.8,1.3,0.5,0,0
Monta Ellis,2005,0.028,11.1,6.8,2.1,1.6,0.7,0.2,1,0
José Calderón,2005,0.029,11.4,5.5,2.2,4.5,0.7,0.1,1,0
Rashad McCants,2005,0.058,12.6,7.9,1.8,0.8,0.6,0.3,1,0
David Wesley,2005,0.072,9.6,9.9,2.5,2.9,0.8,0.1,0,0
Cuttino Mobley,2005,0.086,13.1,14.8,4.3,3.0,1.2,0.5,0,0
Zach Randolph,2005,0.024,16.9,18.0,8.0,1.9,0.8,0.2,0,0
Fred Jones,2005,0.069,11.0,9.6,2.5,2.3,0.8,0.3,0,0
Randy Foye,2006,0.058,14.0,10.1,2.7,2.8,0.6,0.3,1,1
Brandon Roy,2006,0.114,18.0,16.8,4.4,4.0,1.2,0.2,1,1
Paul Millsap,2006,0.153,17.6,6.8,5.2,0.8,0.8,0.9,1,2
Adam Morrison,2006,-0.03,7.9,11.8,2.9,2.1,0.4,0.1,1,2
Craig Smith,2006,0.121,15.7,7.4,5.1,0.6,0.6,0.2,1,2
Andrea Bargnani,2006,0.057,12.8,11.6,3.9,0.8,0.5,0.8,1,1
Rudy Gay,2006,0.011,12.4,10.8,4.5,1.3,0.9,0.9,1,1
Tyrus Thomas,2006,0.11,14.8,5.2,3.7,0.6,0.6,1.1,1,2
Jorge Garbajosa,2006,0.074,12.1,8.5,4.9,1.9,1.2,0.2,1,0
James White,2006,0.108,12.1,8.3,3.3,0.8,0.5,0.2,1,0
Renaldo Balkman,2006,0.125,16.1,4.9,4.3,0.6,0.8,0.6,1,0
Ersan İlyasova,2006,0.051,12.1,6.1,2.9,0.7,0.4,0.3,1,0
Walter Herrmann,2006,0.125,16.1,9.2,2.9,0.5,0.4,0.1,1,0
Rodney Carney,2006,0.055,11.4,6.6,1.9,0.4,0.6,0.3,1,0
LaMarcus Aldridge,2006,0.118,17.1,9.0,5.0,0.4,0.3,1.2,1,0
Rajon Rondo,2006,0.064,13.1,6.4,3.7,3.8,1.6,0.1,1,0
Tarence Kinsey,2006,0.046,13.0,7.7,2.0,0.9,1.1,0.0,1,0
Justin Williams,2006,0.132,17.3,5.0,4.4,0.1,0.2,0.6,1,0
Kyle Lowry,2006,0.148,18.3,5.6,3.1,3.2,1.4,0.1,1,0
Larry Hughes,2006,0.073,12.1,14.9,3.8,3.7,1.3,0.4,0,0
Marcus Williams,2006,-0.004,11.5,6.8,2.1,3.3,0.4,0.0,1,0
Kelenna Azubuike,2006,0.083,13.4,7.1,2.3,0.7,0.5,0.2,1,0
Shaun Livingston,2006,0.072,13.7,9.3,3.4,5.1,1.1,0.5,0,0
Shelden Williams,2006,0.07,12.3,5.5,5.4,0.5,0.6,0.5,1,0
Rasual Butler,2006,0.056,10.8,10.1,3.2,0.8,0.5,0.7,0,0
Kevinn Pinkney,2006,0.075,11.6,5.2,2.5,0.8,0.5,0.5,1,0
JJ Redick,2006,0.134,13.0,6.0,1.2,0.9,0.3,0.0,1,0
Drew Gooden,2006,0.139,16.5,11.1,8.5,1.1,0.9,0.4,0,0
Marvin Williams,2006,0.051,12.2,13.1,5.3,1.9,0.8,0.5,0,0
Andris Biedriņš,2006,0.136,16.2,9.5,9.3,1.1,0.8,1.7,0,0
Kevin Durant,2007,0.04,15.8,20.3,4.4,2.4,1.0,0.9,1,1
Al Horford,2007,0.103,14.7,10.1,9.7,1.5,0.7,0.9,1,1
Al Thornton,2007,0.025,12.7,12.7,4.5,1.2,0.6,0.5,1,1
Luis Scola,2007,0.154,16.1,10.3,6.4,1.3,0.7,0.2,1,1
Jamario Moon,2007,0.126,15.0,8.5,6.2,1.2,1.0,1.4,1,2
Rodney Stuckey,2007,0.09,13.8,7.6,2.3,2.8,0.9,0.1,1,2
Thaddeus Young,2007,0.14,16.5,8.2,4.2,0.8,1.0,0.1,1,2
Juan Carlos Navarro,2007,0.031,11.9,10.9,2.6,2.2,0.6,0.0,1,2
Jeff Green,2007,0.003,9.8,10.5,4.7,1.5,0.6,0.6,1,1
Carl Landry,2007,0.251,21.4,8.1,4.9,0.5,0.4,0.2,1,2
Ramon Sessions,2007,0.077,16.2,8.1,3.4,7.5,1.0,0.2,1,0
Yi Jianlian,2007,0.022,11.3,8.6,5.2,0.8,0.5,0.8,1,0
Joakim Noah,2007,0.12,15.5,6.6,5.6,1.1,0.9,0.9,1,0
Mike Conley,2007,0.038,12.6,9.4,2.6,4.2,0.8,0.0,1,0
Glen Davis,2007,0.128,11.3,4.5,3.0,0.4,0.4,0.3,1,0
Matt Carroll,2007,0.071,10.7,9.0,2.8,0.9,0.6,0.2,0,0
Daequan Cook,2007,-0.013,7.9,8.8,3.0,1.3,0.4,0.2,1,0
Jared Dudley,2007,0.1,13.6,5.8,3.9,1.1,0.8,0.1,1,0
Sean Williams,2007,0.093,13.9,5.6,4.4,0.4,0.4,1.5,1,0
Joel Anthony,2007,0.054,8.8,3.5,3.9,0.1,0.4,1.3,1,0
Wilson Chandler,2007,0.038,11.7,7.3,3.6,0.9,0.4,0.5,1,0
Stéphane Lasme,2007,0.041,11.7,5.2,3.3,0.2,0.8,1.4,1,0
Gilbert Arenas,2007,0.07,18.2,19.4,3.9,5.1,1.8,0.1,0,0
Samuel Dalembert,2007,0.121,15.6,10.5,10.4,0.5,0.5,2.3,0,0
Kirk Hinrich,2007,0.072,13.1,11.5,3.3,6.0,1.2,0.3,0,0
Mike Harris,2007,0.143,17.1,3.6,3.2,0.2,0.4,0.2,1,0
Marcus Williams,2007,0.009,11.0,5.9,1.9,2.6,0.5,0.1,1,0
Jason Smith,2007,0.067,10.7,4.5,3.0,0.3,0.3,0.7,1,0
Zach Randolph,2007,0.063,18.0,17.6,10.3,2.0,0.9,0.2,0,0
Dwyane Wade,2007,0.082,21.5,24.6,4.2,6.9,1.7,0.7,0,0
Derrick Rose,2008,0.078,16.0,16.8,3.9,6.3,0.8,0.2,1,1
O.J. Mayo,2008,0.052,14.2,18.5,3.8,3.2,1.1,0.2,1,1
Eric Gordon,2008,0.082,14.9,16.1,2.6,2.8,1.0,0.4,1,2
Brook Lopez,2008,0.112,17.9,13.0,8.1,1.0,0.5,1.8,1,1
Kevin Love,2008,0.124,18.3,11.1,9.1,1.0,0.4,0.6,1,2
Mario Chalmers,2008,0.095,13.3,10.0,2.8,4.9,2.0,0.1,1,2
Marc Gasol,2008,0.121,16.7,11.9,7.4,1.7,0.8,1.1,1,2
Russell Westbrook,2008,0.035,15.2,15.3,4.9,5.3,1.3,0.2,1,1
Michael Beasley,2008,0.081,17.2,13.9,5.4,1.0,0.5,0.5,1,1
Jason Thompson,2008,0.057,13.9,11.1,7.4,1.1,0.6,0.7,1,0
Rudy Fernández,2008,0.147,15.5,10.4,2.7,2.0,0.9,0.2,1,0
Anthony Morrow,2008,0.096,14.7,10.1,3.0,1.2,0.5,0.2,1,0
Courtney Lee,2008,0.108,10.7,8.4,2.3,1.2,1.0,0.2,1,0
Ryan Anderson,2008,0.09,13.6,7.4,4.7,0.8,0.7,0.3,1,0
D.J. Augustin,2008,0.128,14.9,11.8,1.8,3.5,0.6,0.0,1,0
Greg Oden,2008,0.167,18.1,8.9,7.0,0.5,0.4,1.1,1,0
Marreese Speights,2008,0.146,17.9,7.7,3.7,0.4,0.3,0.7,1,0
Anthony Randolph,2008,0.069,16.9,7.9,5.8,0.8,0.7,1.2,1,0
D.J. White,2008,0.157,19.8,8.9,4.6,0.9,0.4,0.7,1,0
Darrell Arthur,2008,0.055,11.3,5.6,4.6,0.6,0.7,0.7,1,0
Nicolas Batum,2008,0.123,12.9,5.4,2.8,0.9,0.6,0.5,1,0
Luc Mbah a Moute,2008,0.092,12.3,7.2,5.9,1.1,1.1,0.5,1,0
Raja Bell,2008,0.074,10.7,11.9,3.6,2.1,0.7,0.1,0,0
Chris Duhon,2008,0.069,12.2,11.1,3.1,7.2,0.9,0.1,0,0
Marcus Camby,2008,0.129,18.7,10.3,11.1,2.0,0.8,2.1,0,0
Kendrick Perkins,2008,0.119,13.2,8.5,8.1,1.3,0.3,2.0,0,0
Roy Hibbert,2008,0.102,16.1,7.1,3.5,0.7,0.3,1.1,1,0
Andris Biedriņš,2008,0.139,19.1,11.9,11.2,2.0,1.0,1.5,0,0
Danilo Gallinari,2008,0.119,13.4,6.1,2.0,0.5,0.5,0.1,1,0
Stephen Jackson,2008,0.045,16.1,20.7,5.1,6.5,1.5,0.5,0,0
Darren Collison,2009,0.067,16.5,12.4,2.5,5.7,1.0,0.1,1,1
Stephen Curry,2009,0.077,16.3,17.5,4.5,5.9,1.9,0.2,1,1
Brandon Jennings,2009,0.075,14.5,15.5,3.4,5.7,1.3,0.2,1,1
Tyreke Evans,2009,0.097,18.2,20.1,5.3,5.8,1.5,0.4,1,1
James Harden,2009,0.124,14.0,9.9,3.2,1.8,1.1,0.3,1,2
Jonny Flynn,2009,0.002,13.0,13.5,2.4,4.4,1.0,0.0,1,2
Taj Gibson,2009,0.103,13.8,9.0,7.5,0.9,0.6,1.3,1,1
Jonas Jerebko,2009,0.095,13.9,9.3,6.0,0.7,1.0,0.4,1,2
Marcus Thornton,2009,0.103,17.4,14.5,2.9,1.6,0.8,0.2,1,2
DeJuan Blair,2009,0.147,17.7,7.8,6.4,0.8,0.6,0.5,1,2
Chase Budinger,2009,0.1,14.1,8.9,3.0,1.2,0.5,0.1,1,0
Omri Casspi,2009,0.063,13.0,10.3,4.5,1.2,0.7,0.2,1,0
Wesley Matthews,2009,0.108,12.3,9.4,2.3,1.5,0.8,0.2,1,0
Reggie Williams,2009,0.105,16.1,15.2,4.6,2.8,1.0,0.3,1,0
Tyler Hansbrough,2009,0.07,14.6,8.5,4.8,1.0,0.6,0.3,1,0
Ty Lawson,2009,0.135,16.4,8.3,1.9,3.1,0.7,0.0,1,0
Jrue Holiday,2009,0.032,12.3,8.0,2.6,3.8,1.1,0.2,1,0
Toney Douglas,2009,0.097,14.9,8.6,1.9,2.0,0.8,0.1,1,0
Serge Ibaka,2009,0.134,15.2,6.3,5.4,0.1,0.3,1.3,1,0
Oliver Lafayette,2009,0.098,12.8,7.0,4.0,2.0,0.0,0.0,1,0
Terrence Williams,2009,-0.007,11.5,8.4,4.5,2.9,0.6,0.1,1,0
Rodrigue Beaubois,2009,0.134,18.5,7.1,1.4,1.3,0.5,0.2,1,0
Alonzo Gee,2009,0.108,16.2,7.4,3.0,0.6,0.6,0.1,1,0
Rasual Butler,2009,0.048,10.7,11.9,2.9,1.4,0.4,0.8,0,0
Jon Brockman,2009,0.125,12.4,2.8,4.1,0.4,0.3,0.1,1,0
DeMar DeRozan,2009,0.066,12.5,8.6,2.9,0.7,0.6,0.2,1,0
Sam Young,2009,0.044,13.0,7.4,2.5,0.7,0.4,0.3,1,0
Baron Davis,2009,0.086,17.4,15.3,3.5,8.0,1.7,0.6,0,0
Andray Blatche,2009,0.073,17.6,14.1,6.3,2.1,1.0,0.9,0,0
C.J. Miles,2009,0.061,10.8,9.9,2.7,1.7,0.9,0.3,0,0
John Wall,2010,0.041,15.8,16.4,4.6,8.3,1.8,0.5,1,1
Landry Fields,2010,0.1,13.5,9.7,6.4,1.9,1.0,0.2,1,1
Blake Griffin,2010,0.152,21.9,22.5,12.1,3.8,0.8,0.5,1,1
DeMarcus Cousins,2010,0.022,14.6,14.1,8.6,2.5,1.0,0.8,1,1
Greg Monroe,2010,0.143,18.0,9.4,7.5,1.3,1.2,0.6,1,2
Derrick Favors,2010,0.091,13.9,6.8,5.3,0.5,0.4,0.9,1,2
Wesley Johnson,2010,0.03,10.2,9.0,3.0,1.9,0.7,0.7,1,2
Eric Bledsoe,2010,0.008,10.8,6.7,2.8,3.6,1.1,0.3,1,2
Paul George,2010,0.091,13.0,7.8,3.7,1.1,1.0,0.4,1,2
Gary Neal,2010,0.099,13.1,9.8,2.5,1.2,0.3,0.1,1,1
Jordan Crawford,2010,-0.026,11.8,11.7,2.5,2.8,0.9,0.1,1,0
Ed Davis,2010,0.119,15.8,7.7,7.1,0.6,0.6,1.0,1,0
Semih Erden,2010,0.115,10.3,4.0,2.9,0.5,0.4,0.6,1,0
Samardo Samuels,2010,0.002,11.7,7.8,4.3,0.5,0.4,0.5,1,0
Evan Turner,2010,0.06,10.8,7.2,3.9,2.0,0.6,0.2,1,0
Trevor Booker,2010,0.119,15.3,5.3,3.9,0.5,0.4,0.6,1,0
Christian Eyenga,2010,-0.016,9.0,6.9,2.8,0.8,0.8,0.6,1,0
Baron Davis,2010,0.081,17.0,13.1,2.7,6.7,1.3,0.5,0,0
Patrick Patterson,2010,0.134,16.7,6.3,3.8,0.8,0.3,0.7,1,0
Manny Harris,2010,0.002,10.4,5.9,2.6,1.6,0.6,0.1,1,0
Gordon Hayward,2010,0.048,10.7,5.4,1.9,1.1,0.4,0.3,1,0
Ömer Aşık,2010,0.13,11.8,2.8,3.7,0.4,0.2,0.7,1,0
Larry Sanders,2010,0.057,11.0,4.3,3.0,0.3,0.4,1.2,1,0
Brandon Rush,2010,0.07,10.6,9.1,3.2,0.9,0.6,0.5,0,0
JaVale McGee,2010,0.115,17.4,10.1,8.0,0.5,0.5,2.4,0,0
Tiago Splitter,2010,0.149,16.0,4.6,3.4,0.4,0.5,0.3,1,0
Kris Humphries,2010,0.125,17.8,10.0,10.4,1.1,0.4,1.1,0,0
Emeka Okafor,2010,0.136,16.0,10.3,9.5,0.6,0.6,1.8,0,0
Tayshaun Prince,2010,0.062,15.1,14.1,4.2,2.8,0.4,0.5,0,0
Kenyon Martin,2010,0.104,14.1,8.6,6.2,2.3,0.9,0.7,0,0
Kyrie Irving,2011,0.125,21.4,18.5,3.7,5.4,1.1,0.4,1,1
Klay Thompson,2011,0.05,14.9,12.5,2.4,2.0,0.7,0.3,1,1
MarShon Brooks,2011,0.022,12.9,12.6,3.6,2.3,0.9,0.3,1,2
Ricky Rubio,2011,0.07,14.6,10.6,4.2,8.2,2.2,0.2,1,1
Chandler Parsons,2011,0.09,13.3,9.5,4.8,2.1,1.2,0.5,1,2
Kenneth Faried,2011,0.212,21.9,10.2,7.7,0.8,0.7,1.0,1,1
Isaiah Thomas,2011,0.124,17.6,11.5,2.6,4.1,0.8,0.1,1,2
Derrick Williams,2011,0.059,12.9,8.8,4.7,0.6,0.5,0.5,1,2
Tristan Thompson,2011,0.038,13.3,8.2,6.5,0.5,0.5,1.0,1,2
Brandon Knight,2011,0.029,11.7,12.8,3.2,3.8,0.7,0.2,1,0
Kawhi Leonard,2011,0.171,16.6,7.9,5.1,1.1,1.3,0.4,1,0
Kemba Walker,2011,0.009,14.9,12.1,3.5,4.4,0.9,0.3,1,0
Gustavo Ayón,2011,0.142,16.7,5.9,4.9,1.4,1.0,0.9,1,0
Nikola Vučević,2011,0.109,14.3,5.5,4.8,0.6,0.4,0.7,1,0
Josh Harrellson,2011,0.127,13.7,4.4,3.9,0.3,0.6,0.5,1,0
Ivan Johnson,2011,0.113,14.3,6.4,4.0,0.6,0.8,0.3,1,0
Derrick Byars,2011,0.147,14.9,5.0,5.5,0.5,1.0,0.0,1,0
Jerome Dyson,2011,0.026,11.3,7.4,2.1,2.0,1.2,0.2,1,0
Alec Burks,2011,0.076,14.0,7.2,2.2,0.9,0.5,0.1,1,0
Markieff Morris,2011,0.059,12.1,7.4,4.4,1.0,0.7,0.7,1,0
Antawn Jamison,2011,0.07,16.1,17.2,6.3,2.0,0.8,0.7,0,0
Greg Stiemsma,2011,0.17,13.6,2.9,3.2,0.5,0.7,1.5,1,0
D.J. Kennedy,2011,-0.023,4.7,6.0,3.5,1.5,1.0,0.0,1,0
Zach Randolph,2011,0.135,17.9,11.6,8.0,1.7,0.8,0.1,0,0
Jimmer Fredette,2011,0.012,10.8,7.6,1.2,1.8,0.5,0.0,1,0
Jan Veselý,2011,0.076,11.5,4.7,4.4,0.8,0.7,0.6,1,0
Marco Belinelli,2011,0.071,11.9,11.8,2.6,1.5,0.7,0.1,0,0
JaVale McGee,2011,0.127,19.9,11.3,7.8,0.5,0.6,2.2,0,0
Goran Dragić,2011,0.139,18.0,11.7,2.5,5.3,1.3,0.2,0,0
Chris Singleton,2011,0.052,8.3,4.6,3.5,0.7,1.1,0.5,1,0
Damian Lillard,2012,0.088,16.4,19.0,3.1,6.5,0.9,0.2,1,1
Bradley Beal,2012,0.082,13.6,13.9,3.8,2.4,0.9,0.5,1,1
Anthony Davis,2012,0.159,21.7,13.5,8.2,1.0,1.2,1.8,1,1
Harrison Barnes,2012,0.065,11.0,9.2,4.1,1.2,0.6,0.2,1,1
Dion Waiters,2012,0.026,13.7,14.7,2.4,3.0,1.0,0.3,1,1
Andre Drummond,2012,0.172,21.6,7.9,7.6,0.5,1.0,1.6,1,2
Kyle Singler,2012,0.048,10.0,8.8,4.0,0.9,0.7,0.5,1,2
Jonas Valančiūnas,2012,0.127,15.6,8.9,6.0,0.7,0.3,1.3,1,2
Michael Kidd-Gilchrist,2012,0.051,14.0,9.0,5.8,1.5,0.7,0.9,1,2
Tyler Zeller,2012,0.048,11.0,7.9,5.7,1.2,0.5,0.9,1,2
Maurice Harkless,2012,0.059,12.5,8.2,4.4,0.7,1.2,0.8,1,0
Terrence Jones,2012,0.128,17.1,5.5,3.4,0.8,0.6,1.0,1,0
Jared Sullinger,2012,0.146,13.5,6.0,5.9,0.8,0.5,0.5,1,0
Alexey Shved,2012,0.02,11.0,8.6,2.3,3.7,0.7,0.4,1,0
Patrick Beverley,2012,0.148,15.4,5.6,2.7,2.9,0.9,0.5,1,0
Chris Copeland,2012,0.117,16.8,8.7,2.1,0.5,0.3,0.2,1,0
Evan Fournier,2012,0.115,13.8,5.3,0.9,1.2,0.5,0.0,1,0
Brian Roberts,2012,0.078,14.6,7.1,1.2,2.8,0.5,0.0,1,0
Gerald Henderson,2012,0.073,16.4,15.5,3.7,2.6,1.0,0.5,0,0
John Henson,2012,0.109,18.2,6.0,4.7,0.5,0.3,0.7,1,0
Monta Ellis,2012,0.071,16.2,19.2,3.9,6.0,2.1,0.4,0,0
Thomas Robinson,2012,-0.002,10.9,4.8,4.5,0.7,0.6,0.4,1,0
Roy Hibbert,2012,0.129,17.3,11.9,8.3,1.4,0.5,2.6,0,0
Gordon Hayward,2012,0.123,16.8,14.1,3.1,3.0,0.8,0.5,0,0
Vince Carter,2012,0.137,17.8,13.4,4.1,2.4,0.9,0.5,0,0
Kevin Love,2012,0.084,17.9,18.3,14.0,2.3,0.7,0.5,0,0
Festus Ezeli,2012,0.066,9.3,2.4,4.0,0.3,0.3,0.9,1,0
Mike Dunleavy,2012,0.109,13.6,10.5,3.9,1.9,0.5,0.5,0,0
Kyle Korver,2012,0.137,13.9,10.9,4.0,2.0,0.9,0.5,0,0
Shawn Marion,2012,0.127,18.0,12.1,7.8,2.4,1.1,0.7,0,0
Michael Carter-Williams,2013,0.026,15.5,16.7,6.2,6.3,1.9,0.6,1,1
Victor Oladipo,2013,0.026,13.6,13.8,4.1,4.1,1.6,0.5,1,1
Trey Burke,2013,0.02,12.6,12.8,3.0,5.7,0.6,0.1,1,1
Giannis Antetokounmpo,2013,0.031,10.8,6.8,4.4,1.9,0.8,0.8,1,2
Mason Plumlee,2013,0.176,19.0,7.4,4.4,0.9,0.7,0.8,1,1
Gorgui Dieng,2013,0.129,16.5,4.8,5.0,0.7,0.5,0.8,1,2
Kelly Olynyk,2013,0.101,15.2,8.7,5.2,1.6,0.5,0.4,1,2
Steven Adams,2013,0.114,11.2,3.3,4.1,0.5,0.5,0.7,1,2
Cody Zeller,2013,0.09,13.1,6.0,4.3,1.1,0.5,0.5,1,2
Hollis Thompson,2013,0.055,9.5,6.0,3.2,0.9,0.7,0.2,1,0
Nate Wolters,2013,0.043,12.7,7.2,2.6,3.2,0.6,0.3,1,0
Ryan Kelly,2013,0.081,12.6,8.0,3.7,1.6,0.5,0.8,1,0
Tim Hardaway Jr.,2013,0.08,12.7,10.2,1.5,0.8,0.5,0.1,1,0
Ben McLemore,2013,0.016,7.7,8.8,2.9,1.0,0.5,0.2,1,0
Pero Antić,2013,0.075,11.7,7.0,4.2,1.2,0.4,0.2,1,0
Kentavious Caldwell-Pope,2013,0.055,9.4,5.9,2.0,0.7,0.9,0.2,1,0
Harrison Barnes,2013,0.07,9.8,9.5,4.0,1.5,0.8,0.3,0,0
Kirk Hinrich,2013,0.085,10.8,9.1,2.6,3.9,1.1,0.4,0,0
Dewayne Dedmon,2013,0.07,10.7,3.1,4.1,0.2,0.2,0.7,1,0
Seth Curry,2013,0.131,13.8,1.5,0.5,0.0,1.0,0.0,1,0
Alec Burks,2013,0.07,15.8,14.0,3.3,2.7,0.9,0.2,0,0
Randy Foye,2013,0.089,13.3,13.2,2.9,3.5,0.8,0.5,0,0
Brandon Jennings,2013,0.068,15.6,15.5,3.1,7.6,1.3,0.1,0,0
Brandon Knight,2013,0.055,16.5,17.9,3.5,4.9,1.0,0.2,0,0
Gordon Hayward,2013,0.062,16.2,16.2,5.1,5.2,1.4,0.5,0,0
Monta Ellis,2013,0.078,16.8,19.0,3.6,5.7,1.7,0.3,0,0
Thaddeus Young,2013,0.062,16.6,17.9,6.0,2.3,2.1,0.5,0,0
Mario Chalmers,2013,0.106,14.0,9.8,2.9,4.9,1.6,0.2,0,0
John Wall,2013,0.128,19.5,19.3,4.1,8.8,1.8,0.5,0,0
J.R. Smith,2013,0.073,13.9,14.5,4.0,3.0,0.9,0.3,0,0
Andrew Wiggins,2014,0.034,13.9,16.9,4.6,2.1,1.0,0.6,1,1
Nerlens Noel,2014,0.083,15.0,9.9,8.1,1.7,1.8,1.9,1,1
Elfrid Payton,2014,0.044,13.8,8.9,4.3,6.5,1.7,0.2,1,1
Langston Galloway,2014,0.043,12.3,11.8,4.2,3.3,1.2,0.3,1,2
Nikola Mirotić,2014,0.165,17.9,10.2,4.9,1.2,0.7,0.7,1,1
Zach LaVine,2014,-0.018,11.3,10.1,2.8,3.6,0.7,0.1,1,2
Jordan Clarkson,2014,0.078,16.9,11.9,3.2,3.5,0.9,0.2,1,1
Marcus Smart,2014,0.077,11.0,7.8,3.3,3.1,1.5,0.3,1,2
Bojan Bogdanović,2014,0.062,11.6,9.0,2.7,0.9,0.4,0.1,1,2
Jusuf Nurkić,2014,0.069,14.8,6.9,6.2,0.8,0.8,1.1,1,2
Jabari Parker,2014,0.088,14.5,12.3,5.5,1.7,1.2,0.2,1,0
Rodney Hood,2014,0.098,12.3,8.7,2.3,1.7,0.6,0.2,1,0
Mitch McGary,2014,0.127,16.6,6.3,5.2,0.4,0.5,0.5,1,0
Jabari Brown,2014,0.033,11.0,11.9,1.9,2.1,0.6,0.1,1,0
Furkan Aldemir,2014,0.122,12.0,2.3,4.3,0.7,0.4,0.4,1,0
Adreian Payne,2014,-0.033,7.7,6.7,5.1,0.9,0.6,0.3,1,0
James Ennis III,2014,0.088,11.5,5.0,2.8,0.8,0.4,0.3,1,0
Tim Frazier,2014,-0.017,8.1,5.2,2.5,5.5,0.7,0.0,1,0
K.J. McDaniels,2014,0.02,10.6,7.9,3.2,1.2,0.7,1.1,1,0
Matt Barnes,2014,0.091,11.3,10.1,4.0,1.5,0.9,0.7,0,0
Jerami Grant,2014,0.019,8.7,6.3,3.0,1.2,0.6,1.0,1,0
Hollis Thompson,2014,0.07,10.9,8.8,2.8,1.2,0.8,0.4,0,0
Tyler Johnson,2014,0.06,12.0,5.9,2.5,1.3,1.0,0.3,1,0
Jared Sullinger,2014,0.123,17.9,13.3,7.6,2.3,0.8,0.7,0,0
Aaron Gordon,2014,0.06,11.4,5.2,3.6,0.7,0.4,0.5,1,0
Tarik Black,2014,0.124,14.7,6.0,5.8,0.7,0.3,0.4,1,0
Anderson Varejão,2014,0.145,17.7,9.8,6.5,1.3,0.7,0.6,0,0
Gorgui Dieng,2014,0.108,17.2,9.7,8.3,2.0,1.0,1.7,0,0
Markieff Morris,2014,0.085,15.8,15.3,6.2,2.3,1.2,0.5,0,0
Solomon Hill,2014,0.072,10.2,8.9,3.8,2.2,0.8,0.2,0,0
Karl-Anthony Towns,2015,0.151,22.5,18.3,10.5,2.0,0.7,1.7,1,1
Kristaps Porziņģis,2015,0.102,17.7,14.3,7.3,1.3,0.7,1.9,1,1
Nikola Jokić,2015,0.185,21.5,10.0,7.0,2.4,1.0,0.6,1,1
Devin Booker,2015,0.043,11.9,13.8,2.5,2.6,0.6,0.3,1,1
D'Angelo Russell,2015,0.001,13.2,13.2,3.4,3.3,1.2,0.2,1,2
Jahlil Okafor,2015,0.037,17.1,17.5,7.0,1.2,0.4,1.2,1,1
Willie Cauley-Stein,2015,0.13,15.3,7.0,5.3,0.6,0.7,1.0,1,2
Myles Turner,2015,0.109,15.4,10.3,5.5,0.7,0.4,1.4,1,2
Justise Winslow,2015,0.054,8.4,6.4,5.2,1.5,0.9,0.3,1,2
Emmanuel Mudiay,2015,-0.049,9.9,12.8,3.4,5.5,1.0,0.5,1,2
Frank Kaminsky,2015,0.093,12.5,7.5,4.1,1.2,0.5,0.5,1,0
T.J. McConnell,2015,0.058,14.5,6.1,3.1,4.5,1.2,0.1,1,0
Alan Williams,2015,0.146,21.1,2.9,3.8,0.5,0.4,0.5,1,0
Bobby Portis,2015,0.066,13.8,7.0,5.4,0.8,0.4,0.4,1,0
Duje Dukan,2015,-0.057,4.2,6.0,4.0,1.0,1.0,0.0,1,0
Josh Richardson,2015,0.109,11.4,6.6,2.1,1.4,0.7,0.5,1,0
Jared Sullinger,2015,0.121,16.7,10.3,8.3,2.3,0.9,0.6,0,0
Rondae Hollis-Jefferson,2015,0.094,14.2,5.8,5.3,1.5,1.3,0.6,1,0
Andrew Wiggins,2015,0.069,16.5,20.7,3.6,2.0,1.0,0.6,0,0
Richaun Holmes,2015,0.103,15.9,5.6,2.6,0.6,0.4,0.8,1,0
Nemanja Bjelica,2015,0.087,11.2,5.1,3.5,1.4,0.4,0.4,1,0
Robin Lopez,2015,0.126,17.6,10.3,7.3,1.4,0.2,1.6,0,0
Monta Ellis,2015,0.075,13.7,13.8,3.3,4.7,1.9,0.5,0,0
Larry Nance Jr.,2015,0.083,13.4,5.5,5.0,0.7,0.9,0.4,1,0
Zach LaVine,2015,0.054,14.3,14.0,2.8,3.1,0.8,0.2,0,0
Stanley Johnson,2015,0.018,8.7,8.1,4.2,1.6,0.8,0.2,1,0
Klay Thompson,2015,0.144,18.6,22.1,3.8,2.1,0.8,0.6,0,0
Courtney Lee,2015,0.08,11.5,9.6,2.6,1.7,1.1,0.4,0,0
Willie Reed,2015,0.134,19.2,4.7,3.1,0.3,0.2,0.8,1,0
Brandon Knight,2015,0.043,14.7,19.6,3.9,5.1,1.2,0.4,0,0
Joel Embiid,2016,0.117,24.1,20.2,7.8,2.1,0.9,2.5,1,1
Dario Šarić,2016,0.023,12.8,12.8,6.3,2.2,0.7,0.4,1,1
Willy Hernangómez,2016,0.123,19.0,8.2,7.0,1.3,0.6,0.5,1,1
Yogi Ferrell,2016,0.072,13.1,10.0,2.4,3.7,0.9,0.2,1,2
Marquese Chriss,2016,0.05,12.3,9.2,4.2,0.7,0.8,0.9,1,2
Jamal Murray,2016,0.037,11.9,9.9,2.6,2.1,0.6,0.3,1,2
Brandon Ingram,2016,-0.007,8.5,9.4,4.0,2.1,0.6,0.5,1,2
Malcolm Brogdon,2016,0.1,14.9,10.2,2.8,4.2,1.1,0.2,1,1
Buddy Hield,2016,0.032,11.8,10.6,3.3,1.5,0.5,0.1,1,1
Jaylen Brown,2016,0.053,10.3,6.6,2.8,0.8,0.4,0.2,1,2
Shawn Long,2016,0.195,24.1,8.2,4.7,0.7,0.5,0.5,1,0
Alex Poythress,2016,0.099,13.2,10.7,4.8,0.8,0.5,0.3,1,0
Skal Labissière,2016,0.099,16.8,8.8,4.9,0.8,0.5,0.4,1,0
Josh Richardson,2016,0.066,10.7,10.2,3.2,2.6,1.1,0.7,0,0
Caris LeVert,2016,0.07,12.3,8.2,3.3,1.9,0.9,0.1,1,0
Rodney McGruder,2016,0.072,9.1,6.4,3.3,1.6,0.6,0.2,1,0
Juancho Hernangómez,2016,0.104,13.4,4.9,3.0,0.5,0.5,0.2,1,0
David Nwaba,2016,0.091,12.2,6.0,3.2,0.7,0.7,0.4,1,0
Taurean Prince,2016,0.054,9.8,5.7,2.7,0.9,0.7,0.5,1,0
Ivica Zubac,2016,0.086,17.0,7.5,4.2,0.8,0.4,0.9,1,0
Domantas Sabonis,2016,0.022,6.9,5.9,3.6,1.0,0.5,0.4,1,0
Andrew Harrison,2016,0.051,8.7,5.9,1.9,2.8,0.7,0.3,1,0
Álex Abrines,2016,0.096,10.1,6.0,1.3,0.6,0.5,0.1,1,0
Tyler Ulis,2016,0.029,13.0,7.3,1.6,3.7,0.8,0.1,1,0
Wesley Matthews,2016,0.06,11.9,13.5,3.5,2.9,1.1,0.2,0,0
Dennis Schröder,2016,0.071,16.1,17.9,3.1,6.3,0.9,0.2,0,0
Isaiah Whitehead,2016,-0.023,7.6,7.4,2.5,2.6,0.6,0.5,1,0
Cheick Diallo,2016,0.111,16.8,5.1,4.3,0.2,0.2,0.4,1,0
Julius Randle,2016,0.08,16.3,13.2,8.6,3.6,0.7,0.5,0,0
Nicolas Batum,2016,0.084,15.8,15.1,6.2,5.9,1.1,0.4,0,0
Donovan Mitchell,2017,0.095,16.7,20.5,3.7,3.7,1.5,0.3,1,1
Kyle Kuzma,2017,0.077,14.2,16.1,6.3,1.8,0.6,0.4,1,1
Lonzo Ball,2017,0.053,12.5,10.2,6.9,7.2,1.7,0.8,1,2
Lauri Markkanen,2017,0.079,15.6,15.2,7.5,1.2,0.6,0.6,1,1
Ben Simmons,2017,0.162,20.0,15.8,8.1,8.2,1.7,0.9,1,1
Bogdan Bogdanović,2017,0.064,13.5,11.8,2.9,3.3,0.9,0.2,1,2
John Collins,2017,0.145,18.3,10.5,7.3,1.3,0.6,1.1,1,2
Jayson Tatum,2017,0.139,15.2,13.9,5.0,1.6,1.0,0.7,1,1
Josh Jackson,2017,-0.018,11.8,13.1,4.6,1.5,1.0,0.5,1,2
Tyrone Wallace,2017,0.042,10.1,9.7,3.5,2.4,0.9,0.4,1,0
Dennis Smith Jr.,2017,-0.017,12.8,15.2,3.8,5.2,1.0,0.3,1,0
Dillon Brooks,2017,0.025,9.8,11.0,3.1,1.6,0.9,0.2,1,0
Daniel Theis,2017,0.178,16.1,5.3,4.3,0.9,0.5,0.8,1,0
Markelle Fultz,2017,0.043,12.4,7.1,3.1,3.8,0.9,0.3,1,0
Miloš Teodosić,2017,0.058,11.6,9.5,2.8,4.6,0.5,0.1,1,0
Andre Ingram,2017,0.157,16.3,12.0,3.0,3.5,1.5,1.5,1,0
Damion Lee,2017,0.046,12.0,10.7,4.7,1.9,1.3,0.1,1,0
Jarrett Allen,2017,0.141,17.5,8.2,5.4,0.7,0.4,1.2,1,0
Bam Adebayo,2017,0.148,15.7,6.9,5.5,1.5,0.5,0.6,1,0
Mike James,2017,0.017,13.9,9.3,2.5,3.5,0.8,0.2,1,0
Josh Hart,2017,0.111,12.2,7.9,4.2,1.3,0.7,0.3,1,0
De'Aaron Fox,2017,-0.014,11.2,11.6,2.8,4.4,1.0,0.3,1,0
Maxi Kleber,2017,0.113,13.4,5.4,3.3,0.7,0.4,0.7,1,0
Royce O'Neale,2017,0.099,10.8,5.0,3.4,1.4,0.5,0.2,1,0
Jamil Wilson,2017,0.096,11.4,7.0,2.1,0.7,0.3,0.5,1,0
Frank Mason III,2017,0.027,13.0,7.9,2.5,2.8,0.7,0.2,1,0
Omari Johnson,2017,0.053,10.5,5.5,2.8,1.8,0.5,0.0,1,0
Johnathan Motley,2017,0.084,17.2,8.7,4.5,0.6,0.3,0.2,1,0
Luke Kornet,2017,0.077,13.6,6.7,3.2,1.3,0.3,0.8,1,0
Luke Kennard,2017,0.084,12.1,7.6,2.4,1.7,0.6,0.2,1,0
Trae Young,2018,0.062,17.0,19.1,3.7,8.1,0.9,0.2,1,1
Luka Dončić,2018,0.101,19.6,21.2,7.8,6.0,1.1,0.3,1,1
Shai Gilgeous-Alexander,2018,0.074,13.4,10.8,2.8,3.3,1.2,0.5,1,2
Deandre Ayton,2018,0.128,20.5,16.3,10.3,1.8,0.9,0.9,1,1
Collin Sexton,2018,-0.011,12.0,16.7,2.9,3.0,0.5,0.1,1,2
Mitchell Robinson,2018,0.217,22.0,7.3,6.4,0.6,0.8,2.4,1,2
Landry Shamet,2018,0.095,11.0,9.1,1.7,1.5,0.5,0.1,1,2
Kevin Huerter,2018,0.034,10.1,9.7,3.3,2.9,0.9,0.3,1,2
Wendell Carter Jr.,2018,0.08,15.2,10.3,7.0,1.8,0.6,1.3,1,0
Mikal Bridges,2018,0.058,10.8,8.3,3.2,2.1,1.6,0.5,1,0
Jaren Jackson Jr.,2018,0.105,16.4,13.8,4.7,1.1,0.9,1.4,1,0
Allonzo Trier,2018,0.03,12.2,10.9,3.1,1.9,0.4,0.2,1,0
Marvin Bagley III,2018,0.11,18.9,14.9,7.6,1.0,0.5,1.0,1,0
Rodions Kurucs,2018,0.059,11.0,8.5,3.9,0.8,0.7,0.4,1,0
Kenrich Williams,2018,0.053,9.7,6.1,4.8,1.8,1.0,0.4,1,0
Jalen Brunson,2018,0.077,12.8,9.3,2.3,3.2,0.5,0.1,1,0
Miles Bridges,2018,0.083,13.1,7.5,4.0,1.2,0.7,0.6,1,0
Jonah Bolden,2018,0.106,12.7,4.7,3.8,0.9,0.4,0.9,1,0
Jemerrio Jones,2018,0.084,12.1,4.5,8.2,2.2,1.2,0.8,1,0
Mo Bamba,2018,0.106,14.9,6.2,5.0,0.8,0.3,1.4,1,0
Omari Spellman,2018,0.07,12.4,5.9,4.2,1.0,0.6,0.5,1,0
Tyler Johnson,2018,0.071,12.4,10.9,3.0,2.9,0.9,0.5,0,0
Kevin Knox,2018,-0.03,8.7,12.8,4.5,1.1,0.6,0.3,1,0
Zhaire Smith,2018,0.048,9.5,6.7,2.2,1.7,0.3,0.3,1,0
Josh Okogie,2018,0.034,9.4,7.7,2.9,1.2,1.2,0.4,1,0
Johnathan Williams,2018,0.135,15.1,6.5,4.1,0.5,0.3,0.3,1,0
Harry Giles,2018,0.056,14.4,7.0,3.8,1.5,0.5,0.4,1,0
Al-Farouq Aminu,2018,0.121,13.2,9.4,7.5,1.3,0.8,0.4,0,0
Reggie Bullock,2018,0.078,10.5,11.3,2.7,2.0,0.6,0.2,0,0
Bonzie Colson,2018,0.085,12.9,4.9,3.8,0.4,0.6,0.1,1,0
P.J. Washington,2019,0.054,12.4,12.2,5.4,2.1,0.9,0.8,1,2
Zion Williamson,2019,0.141,24.1,22.5,6.3,2.1,0.7,0.4,1,1
Ja Morant,2019,0.088,17.4,17.8,3.9,7.3,0.9,0.3,1,1
Coby White,2019,0.026,11.9,13.2,3.5,2.7,0.8,0.1,1,2
Tyler Herro,2019,0.05,12.5,13.5,4.1,2.2,0.6,0.2,1,2
Kendrick Nunn,2019,0.049,12.9,15.3,2.7,3.3,0.8,0.2,1,1
Rui Hachimura,2019,0.06,13.5,13.5,6.1,1.8,0.8,0.2,1,2
Brandon Clarke,2019,0.183,20.9,12.1,5.9,1.4,0.6,0.8,1,1
Eric Paschall,2019,0.062,14.5,14.0,4.6,2.1,0.5,0.2,1,1
Terence Davis,2019,0.122,13.8,7.5,3.3,1.6,0.5,0.2,1,2
Naz Reid,2019,0.074,15.3,9.0,4.1,1.2,0.6,0.7,1,0
Cam Reddish,2019,-0.011,9.0,10.5,3.7,1.5,1.1,0.5,1,0
Cameron Johnson,2019,0.102,12.9,8.8,3.3,1.2,0.6,0.4,1,0
RJ Barrett,2019,-0.015,10.7,14.3,5.0,2.6,1.0,0.3,1,0
Jordan McLaughlin,2019,0.13,16.3,7.6,1.6,4.2,1.1,0.1,1,0
Jaxson Hayes,2019,0.171,17.6,7.4,4.0,0.9,0.4,0.9,1,0
Michael Porter Jr.,2019,0.154,19.8,9.3,4.7,0.8,0.5,0.5,1,0
Keldon Johnson,2019,0.174,19.1,9.1,3.4,0.9,0.8,0.1,1,0
Jeremiah Martin,2019,0.176,21.8,7.1,1.1,2.0,0.8,0.2,1,0
Mychal Mulder,2019,0.017,7.8,11.0,3.3,1.1,0.3,0.1,1,0
Jalen McDaniels,2019,0.078,10.7,5.6,4.1,0.8,0.5,0.2,1,0
De'Andre Hunter,2019,0.002,8.6,12.3,4.5,1.8,0.7,0.3,1,0
Jordan Poole,2019,-0.047,7.2,8.8,2.1,2.4,0.6,0.2,1,0
Jarrett Culver,2019,-0.004,9.6,9.2,3.4,1.7,0.9,0.6,1,0
Darius Garland,2019,-0.034,8.5,12.3,1.9,3.9,0.7,0.1,1,0
Devontae Cacok,2019,0.226,28.6,6.0,5.0,1.0,0.0,0.0,1,0
Sekou Doumbouya,2019,-0.02,6.2,6.4,3.1,0.5,0.5,0.2,1,0
Donta Hall,2019,0.137,13.6,4.3,4.2,0.4,0.3,0.7,1,0
Ky Bowman,2019,-0.003,9.1,7.4,2.7,2.9,1.0,0.2,1,0
Eric Mika,2019,0.218,13.9,6.0,7.0,0.0,0.0,0.0,1,0
Patrick Williams,2020,0.06,10.5,9.2,4.6,1.4,0.9,0.6,1,2
LaMelo Ball,2020,0.093,17.5,15.7,5.9,6.1,1.6,0.4,1,1
Tyrese Haliburton,2020,0.096,16.2,13.0,3.0,5.3,1.3,0.5,1,1
Anthony Edwards,2020,0.017,13.9,19.3,4.7,2.9,1.1,0.5,1,1
Saddiq Bey,2020,0.082,12.6,12.2,4.5,1.4,0.7,0.2,1,1
Jae'Sean Tate,2020,0.088,13.8,11.3,5.3,2.5,1.2,0.5,1,1
Isaac Okoro,2020,0.02,7.9,9.6,3.1,1.9,0.9,0.4,1,2
Isaiah Stewart,2020,0.132,16.4,7.9,6.7,0.9,0.6,1.3,1,2
Immanuel Quickley,2020,0.125,15.8,11.4,2.1,2.0,0.5,0.2,1,2
Desmond Bane,2020,0.093,12.2,9.2,3.1,1.7,0.6,0.2,1,2
Théo Maledon,2020,-0.021,8.2,10.1,3.2,3.5,0.9,0.2,1,0
KJ Martin,2020,0.099,14.6,9.3,5.4,1.1,0.7,0.9,1,0
Cameron Oliver,2020,0.114,17.2,10.8,5.3,1.3,0.5,1.0,1,0
Freddie Gillespie,2020,0.116,13.4,5.6,4.9,0.5,0.7,1.0,1,0
Cole Anthony,2020,-0.001,12.1,12.9,4.7,4.1,0.6,0.4,1,0
Tyrese Maxey,2020,0.099,14.5,8.0,1.7,2.0,0.4,0.2,1,0
Armoni Brooks,2020,0.03,10.4,11.2,3.4,1.5,0.6,0.3,1,0
James Wiseman,2020,0.042,13.1,11.5,5.8,0.7,0.3,0.9,1,0
Payton Pritchard,2020,0.095,12.4,7.7,2.4,1.8,0.6,0.1,1,0
Devin Vassell,2020,0.069,10.6,5.5,2.8,0.9,0.7,0.3,1,0
Xavier Tillman Sr.,2020,0.127,14.7,6.6,4.3,1.3,0.7,0.6,1,0
Aleksej Pokusevski,2020,-0.084,6.1,8.2,4.7,2.2,0.4,0.9,1,0
Justin Holiday,2020,0.069,10.4,10.5,3.6,1.7,1.0,0.6,0,0
Kentavious Caldwell-Pope,2020,0.107,10.7,9.7,2.7,1.9,0.9,0.4,0,0
Chuma Okeke,2020,0.056,11.8,7.8,4.0,2.2,1.1,0.5,1,0
Killian Hayes,2020,-0.081,5.3,6.8,2.7,5.3,1.0,0.4,1,0
Gabriel Deck,2020,0.12,16.1,8.4,4.0,2.4,0.8,0.0,1,0
Jalen Harris,2020,0.079,15.2,7.4,1.4,1.3,0.6,0.0,1,0
Facundo Campazzo,2020,0.105,11.6,6.1,2.1,3.6,1.2,0.2,1,0
Deni Avdija,2020,0.046,7.6,6.3,4.9,1.2,0.6,0.3,1,0
Josh Giddey,2021,0.01,13.3,12.5,7.8,6.4,0.9,0.4,1,2
Ayo Dosunmu,2021,0.069,11.2,8.8,2.8,3.3,0.8,0.4,1,2
Scottie Barnes,2021,0.122,16.3,15.3,7.5,3.5,1.1,0.7,1,1
Evan Mobley,2021,0.107,16.1,15.0,8.3,2.5,0.8,1.7,1,1
Chris Duarte,2021,0.029,12.3,13.1,4.1,2.1,1.0,0.2,1,2
Jalen Green,2021,0.015,12.5,17.3,3.4,2.6,0.7,0.3,1,1
Bones Hyland,2021,0.088,14.4,10.1,2.7,2.8,0.6,0.3,1,2
Herbert Jones,2021,0.096,12.3,9.5,3.8,2.1,1.7,0.8,1,2
Franz Wagner,2021,0.079,14.7,15.2,4.5,2.9,0.9,0.4,1,1
Cade Cunningham,2021,-0.011,13.1,17.4,5.5,5.6,1.2,0.7,1,1
Alperen Şengün,2021,0.068,16.0,9.6,5.5,2.6,0.8,0.9,1,0
Terry Taylor,2021,0.16,19.0,9.6,5.2,1.2,0.4,0.2,1,0
Zavier Simpson,2021,-0.018,7.7,11.0,5.3,7.5,1.3,1.0,1,0
Isaiah Jackson,2021,0.126,20.5,8.3,4.1,0.3,0.7,1.4,1,0
Trendon Watford,2021,0.104,15.8,7.6,4.1,1.7,0.5,0.6,1,0
Lindy Waters III,2021,0.081,13.0,8.0,2.9,1.0,0.8,0.3,1,0
Tre Mann,2021,0.002,10.2,10.4,2.9,1.5,0.8,0.2,1,0
Jalen Suggs,2021,-0.06,8.6,11.8,3.6,4.4,1.2,0.4,1,0
Olivier Sarr,2021,0.117,14.0,7.0,4.2,0.9,0.3,0.7,1,0
Day'Ron Sharpe,2021,0.152,20.7,6.2,5.0,0.5,0.3,0.5,1,0
Braxton Key,2021,0.052,13.7,7.2,4.5,1.0,0.9,1.0,1,0
Jonathan Kuminga,2021,0.123,15.2,9.3,3.3,0.9,0.4,0.3,1,0
Austin Reaves,2021,0.097,11.5,7.3,3.2,1.8,0.5,0.3,1,0
Corey Kispert,2021,0.061,10.9,8.2,2.7,1.1,0.5,0.3,1,0
Isaiah Livers,2021,0.085,11.1,6.4,3.0,1.1,0.7,0.4,1,0
Hassani Gravett,2021,0.071,10.1,6.3,2.6,2.5,0.6,0.1,1,0
Duane Washington Jr.,2021,-0.002,10.2,9.9,1.7,1.8,0.5,0.1,1,0
Aaron Wiggins,2021,0.048,10.3,8.3,3.6,1.4,0.6,0.2,1,0
Quentin Grimes,2021,0.087,10.7,6.0,2.0,1.0,0.7,0.2,1,0
Chaundee Brown Jr.,2021,0.002,6.4,6.2,3.2,0.8,0.4,0.0,1,0
Keegan Murray,2022,0.087,12.3,12.2,4.6,1.2,0.8,0.5,1,1
Paolo Banchero,2022,0.047,14.9,20.0,6.9,3.7,0.8,0.5,1,1
Walker Kessler,2022,0.2,21.5,9.2,8.4,0.9,0.4,2.3,1,1
Jalen Duren,2022,0.129,17.3,9.1,8.9,1.1,0.7,0.9,1,2
Jalen Williams,2022,0.119,15.6,14.1,4.5,3.3,1.4,0.5,1,1
Bennedict Mathurin,2022,0.038,13.1,16.7,4.1,1.5,0.6,0.2,1,1
Jaden Ivey,2022,-0.001,12.1,16.3,3.9,5.2,0.8,0.2,1,2
Tari Eason,2022,0.07,15.2,9.3,6.0,1.1,1.2,0.6,1,2
Jeremy Sochan,2022,0.005,11.4,11.0,5.3,2.5,0.8,0.4,1,2
Shaedon Sharpe,2022,0.032,11.5,9.9,3.0,1.2,0.5,0.3,1,0
Jeenathan Williams,2022,0.12,15.5,10.6,3.0,2.0,0.6,0.4,1,0
RaiQuan Gray,2022,0.106,15.5,16.0,9.0,7.0,0.0,1.0,1,0
Andrew Nembhard,2022,0.029,10.0,9.5,2.7,4.5,0.9,0.2,1,0
Mark Williams,2022,0.163,19.8,9.0,7.1,0.4,0.7,1.0,1,0
Malaki Branham,2022,-0.004,9.5,10.2,2.7,1.9,0.5,0.1,1,0
Jabari Smith Jr.,2022,0.037,11.2,12.8,7.2,1.3,0.5,0.9,1,0
Julian Champagnie,2022,0.061,13.4,9.7,3.5,0.6,0.4,0.3,1,0
Jaden Hardy,2022,0.048,14.6,8.8,1.9,1.4,0.4,0.1,1,0
David Roddy,2022,0.043,8.8,6.7,2.8,0.8,0.4,0.3,1,0
Christian Koloko,2022,0.104,11.4,3.1,2.9,0.5,0.4,1.0,1,0
Orlando Robinson,2022,0.129,13.4,3.7,4.1,0.8,0.4,0.4,1,0
Jaylin Williams,2022,0.099,11.2,5.9,4.9,1.6,0.6,0.2,1,0
AJ Griffin,2022,0.075,12.6,8.9,2.1,1.0,0.6,0.2,1,0
Patrick Williams,2022,0.072,11.2,10.2,4.0,1.2,0.9,0.9,0,0
Ochai Agbaji,2022,0.053,9.5,7.9,2.1,1.1,0.3,0.3,1,0
Chance Comanche,2022,0.043,12.2,7.0,3.0,0.0,0.0,1.0,1,0
Max Strus,2022,0.071,10.8,11.5,3.2,2.1,0.5,0.2,0,0
Jacob Gilyard,2022,0.079,7.3,3.0,4.0,7.0,3.0,0.0,1,0
Nikola Jović,2022,0.053,10.6,5.5,2.1,0.7,0.5,0.1,1,0
Stanley Umude,2022,0.626,65.6,2.0,0.0,0.0,1.0,1.0,1,0
Victor Wembanyama,2023,0.085,23.1,21.4,10.6,3.9,1.2,3.6,1,1
Brandon Miller,2023,0.015,13.0,17.3,4.3,2.4,0.9,0.6,1,1
Cam Whitmore,2023,0.082,16.6,12.3,3.8,0.7,0.6,0.4,1,0
Ausar Thompson,2023,0.053,12.8,8.8,6.4,1.9,1.1,0.9,1,0
Chet Holmgren,2023,0.178,20.4,16.5,7.9,2.4,0.6,2.3,1,1
Jaime Jaquez Jr.,2023,0.092,12.9,11.9,3.8,2.6,1.0,0.3,1,0
GG Jackson II,2023,0.048,13.7,14.6,4.1,1.2,0.6,0.5,1,0
Amen Thompson,2023,0.149,18.2,9.5,6.6,2.6,1.3,0.6,1,2
Taylor Hendricks,2023,0.07,11.8,7.3,4.6,0.8,0.7,0.8,1,0
Brandin Podziemski,2023,0.1,13.0,9.2,5.8,3.7,0.8,0.2,1,1
Toumani Camara,2023,0.055,10.6,7.5,4.9,1.2,0.9,0.5,1,0
Mãozinha Pereira,2023,0.123,15.7,6.9,5.3,0.3,0.9,0.6,1,0
Dereck Lively II,2023,0.183,18.1,8.8,6.9,1.1,0.7,1.4,1,0
Duop Reath,2023,0.095,15.1,9.1,3.7,1.0,0.5,0.6,1,0
Scoot Henderson,2023,-0.045,9.5,14.0,3.1,5.4,0.8,0.2,1,0
Trey Jemison,2023,0.073,11.8,6.8,5.4,1.1,0.5,1.1,1,0
Trayce Jackson-Davis,2023,0.205,21.6,7.9,5.0,1.2,0.4,1.1,1,0
Tristan Vukcevic,2023,0.045,13.9,8.5,3.6,1.3,0.5,0.7,1,0
Javon Freeman-Liberty,2023,0.029,10.7,7.0,3.2,1.8,0.5,0.2,1,0
Keyonte George,2023,-0.008,10.4,13.0,2.8,4.4,0.5,0.1,1,2
Mouhamed Gueye,2023,0.127,15.0,4.0,3.7,0.7,0.8,0.7,1,0
Tosan Evbuomwan,2023,0.071,9.9,5.9,3.5,0.9,0.4,0.3,1,0
Bilal Coulibaly,2023,0.013,8.9,8.4,4.1,1.7,0.9,0.8,1,0
Kentavious Caldwell-Pope,2023,0.096,10.7,10.1,2.4,2.4,1.3,0.6,0,0
Caleb Martin,2023,0.066,10.8,10.0,4.4,2.2,0.7,0.5,0,0
Cason Wallace,2023,0.115,12.0,6.8,2.3,1.5,0.9,0.5,1,2
Jerami Grant,2023,0.071,15.4,21.0,3.5,2.8,0.8,0.6,0,0
Jaden McDaniels,2023,0.077,9.4,10.5,3.1,1.4,0.9,0.6,0,0
Vasilije Micić,2023,0.015,10.7,7.0,1.5,4.4,0.5,0.1,1,0
Grant Williams,2023,0.059,10.6,10.3,4.2,2.3,0.6,0.5,0,0
